Draw No;Date;N1;N2;N3;N4;N5;N6;N7;S1;S2;S3;Total Winners
1672;3 March, 2026;5;7;18;21;33;39;47;14;26;27;201,876
1671;24 February, 2026;2;5;7;25;27;33;43;28;31;42;647,393
1670;17 February, 2026;9;23;32;36;39;42;44;18;24;30;493,139
1669;10 February, 2026;4;20;23;26;27;31;44;2;24;35;364,334
1668;3 February, 2026;4;10;19;27;29;41;46;7;20;25;308,206
1667;27 January, 2026;1;15;17;22;23;28;41;5;12;18;242,595
1666;20 January, 2026;3;11;14;22;27;32;33;31;37;40;194,329
1665;13 January, 2026;17;23;31;35;38;39;42;7;24;29;242,46
1664;6 January, 2026;2;13;14;17;19;30;45;4;8;33;203,497
1663;30 December, 2025;11;12;14;19;20;27;31;1;13;43;396,977
1662;23 December, 2025;2;12;23;29;36;37;47;3;34;43;239,713
1661;16 December, 2025;4;9;19;20;41;43;46;8;21;45;166,337
1660;9 December, 2025;3;6;9;15;19;21;33;7;14;31;655,57
1659;2 December, 2025;7;22;26;28;40;42;43;6;29;47;434,404
1658;25 November, 2025;1;12;14;28;35;43;47;15;16;46;342,794
1657;18 November, 2025;2;4;6;8;22;27;39;5;24;47;323,892
1656;11 November, 2025;7;17;28;30;34;42;44;3;20;32;180,986
1655;4 November, 2025;12;14;17;18;21;25;43;15;24;42;375,555
1654;28 October, 2025;6;30;33;35;39;43;45;3;40;46;298,892
1653;21 October, 2025;4;26;28;29;36;37;45;20;24;43;255,032
1652;14 October, 2025;1;14;17;18;22;33;47;11;34;44;183,345
1651;7 October, 2025;3;7;15;34;39;44;46;13;19;24;283,58
1650;30 September, 2025;4;7;9;28;35;39;46;14;15;24;233,116
1649;23 September, 2025;1;4;11;20;23;30;31;25;40;42;203,151
1648;16 September, 2025;3;7;20;35;37;41;42;18;30;33;361,137
1647;9 September, 2025;13;14;21;30;33;37;44;3;4;26;286,479
1646;2 September, 2025;1;2;7;17;30;37;39;6;13;47;181,794
1645;26 August, 2025;10;17;26;28;29;35;36;24;37;47;318,236
1644;19 August, 2025;4;8;11;26;29;32;41;3;10;16;308,372
1643;12 August, 2025;2;14;34;37;38;40;41;19;25;28;176,786
1642;5 August, 2025;11;29;32;34;38;40;42;3;15;47;530,418
1641;29 July, 2025;2;18;21;25;28;31;38;23;27;34;455,03
1640;22 July, 2025;1;5;17;21;25;32;36;16;38;41;336,828
1639;15 July, 2025;6;7;13;17;20;39;41;12;23;30;270,727
1638;8 July, 2025;1;5;27;41;43;44;47;18;23;26;174,922
1637;1 July, 2025;2;16;26;28;32;38;43;23;33;40;469,8
1636;24 June, 2025;7;8;12;19;23;24;45;4;33;38;430,43
1635;17 June, 2025;8;21;25;26;29;31;47;18;24;43;299,64
1634;10 June, 2025;1;15;21;32;33;38;45;3;25;39;174,931
1633;3 June, 2025;1;21;25;34;44;45;46;9;14;16;1,134,331
1632;27 May, 2025;12;16;24;37;39;45;46;19;31;44;712,135
1631;20 May, 2025;21;22;25;31;32;36;39;16;29;37;507,027
1630;13 May, 2025;9;10;16;18;26;39;40;20;35;43;406,647
1629;6 May, 2025;6;17;19;28;35;43;47;3;18;45;310,985
1628;29 April, 2025;2;16;27;30;34;38;43;9;14;31;251,311
1627;22 April, 2025;2;3;16;23;27;31;37;21;28;34;198,609
1626;15 April, 2025;8;13;14;23;29;32;41;4;40;43;1,248,556
1625;8 April, 2025;17;18;21;24;29;30;44;9;12;43;823,471
1624;1 April, 2025;4;8;28;29;30;36;40;37;44;47;513,598
1623;25 March, 2025;8;13;19;26;39;40;44;16;20;46;404,825
1622;18 March, 2025;4;6;12;30;37;39;47;13;17;34;345,822
1621;11 March, 2025;2;5;20;21;32;33;41;1;8;34;254,167
1620;4 March, 2025;9;17;19;21;29;35;45;27;28;36;207,877
1619;25 February, 2025;8;11;12;17;18;30;46;24;37;42;350,812
1618;18 February, 2025;13;14;16;17;21;28;43;4;25;36;303,021
1617;11 February, 2025;13;16;19;23;34;35;40;7;25;31;201,179
1616;4 February, 2025;3;26;34;35;36;39;44;5;6;45;1,881,634
1615;28 January, 2025;3;24;33;34;36;42;44;1;5;10;1,171,843
1614;21 January, 2025;8;18;22;24;37;41;44;1;26;39;856,606
1613;14 January, 2025;2;5;9;11;17;32;38;7;25;36;624,102
1612;7 January, 2025;2;6;11;19;27;29;46;15;38;42;435,049
1611;31 December, 2024;4;7;12;15;24;38;47;8;43;46;371,162
1610;24 December, 2024;17;20;31;41;45;46;47;3;33;40;260,311
1609;17 December, 2024;10;13;16;22;26;31;41;8;14;19;200,525
1608;10 December, 2024;1;20;23;29;34;39;46;24;42;43;719,479
1607;3 December, 2024;18;22;23;26;27;39;44;10;37;41;622,803
1606;26 November, 2024;2;4;12;17;19;22;32;11;27;31;467,6
1605;19 November, 2024;2;8;9;10;18;34;40;3;32;37;365,342
1604;12 November, 2024;5;10;14;16;28;30;34;9;19;23;342,348
1603;5 November, 2024;4;6;16;31;32;35;45;11;39;44;217,647
1602;29 October, 2024;3;10;22;27;33;39;45;1;12;23;187,031
1601;22 October, 2024;1;2;16;17;24;26;28;4;41;47;225,972
1600;15 October, 2024;3;11;12;30;39;43;46;20;22;36;155,629
1599;8 October, 2024;6;14;30;42;44;45;46;15;16;21;232,975
1598;1 October, 2024;2;3;5;24;27;31;32;1;4;35;190,843
1597;24 September, 2024;4;13;15;30;32;33;35;20;27;45;379,485
1596;17 September, 2024;3;4;13;15;24;26;32;28;31;36;257,02
1595;10 September, 2024;4;10;23;25;27;30;37;3;16;20;207,384
1594;3 September, 2024;3;8;9;32;35;38;43;22;33;46;543,405
1593;27 August, 2024;1;13;14;18;22;37;42;27;28;32;453,414
1592;20 August, 2024;18;20;21;29;37;38;40;23;31;46;267,44
1591;13 August, 2024;4;6;21;22;34;40;42;5;27;44;223,298
1590;6 August, 2024;3;7;9;32;36;39;43;23;29;42;175,603
1589;30 July, 2024;9;25;27;29;40;42;43;24;35;45;247,969
1588;23 July, 2024;1;10;12;15;29;33;42;4;30;32;187,784
1587;16 July, 2024;1;10;15;18;33;36;42;9;12;27;646,478
1586;9 July, 2024;12;18;21;26;37;39;44;2;17;33;502,157
1585;2 July, 2024;14;29;30;31;36;38;46;23;34;41;339,132
1584;25 June, 2024;2;9;12;14;31;38;40;4;8;15;325,286
1583;18 June, 2024;3;9;10;21;28;29;30;6;17;47;260,813
1582;11 June, 2024;3;12;26;30;41;45;46;18;35;42;144,79
1581;4 June, 2024;1;13;15;16;28;33;36;21;26;45;186,698
1580;28 May, 2024;5;10;13;15;29;31;42;17;39;40;687,711
1579;21 May, 2024;3;7;8;25;26;30;47;4;15;16;441,03
1578;14 May, 2024;7;11;13;16;25;28;47;8;18;34;376,614
1577;7 May, 2024;15;24;35;43;45;46;47;19;20;38;246,047
1576;30 April, 2024;3;6;15;24;32;44;47;18;33;38;211,529
1575;23 April, 2024;6;9;14;19;21;30;45;5;16;33;200,819
1574;16 April, 2024;12;13;17;21;28;32;33;7;9;22;211,916
1573;9 April, 2024;1;2;4;18;28;37;47;11;24;27;881,77
1572;2 April, 2024;2;15;21;22;41;43;47;6;23;28;567,571
1571;26 March, 2024;6;8;9;23;25;33;47;3;32;37;539,245
1570;19 March, 2024;1;13;18;23;28;31;47;14;36;44;394,49
1569;12 March, 2024;2;18;19;23;33;36;38;13;35;40;294,687
1568;5 March, 2024;6;16;24;25;29;37;47;13;17;28;221,796
1567;27 February, 2024;1;4;8;10;18;38;39;5;11;21;203,692
1566;20 February, 2024;7;11;17;24;33;39;43;26;27;44;651,115
1565;13 February, 2024;6;7;8;16;17;21;32;12;14;25;532,59
1564;6 February, 2024;3;10;13;20;31;38;39;12;33;41;354,942
1563;30 January, 2024;4;20;25;27;28;29;34;12;26;38;198,016
1562;23 January, 2024;2;15;18;20;26;27;44;1;10;42;179,36
1561;16 January, 2024;4;9;17;24;29;37;47;14;20;27;275,498
1560;9 January, 2024;5;6;21;22;25;38;42;16;36;44;199,106
1559;2 January, 2024;3;21;24;30;36;44;46;18;31;37;161,03
1558;26 December, 2023;17;22;24;28;31;42;44;3;16;39;1,995,233
1557;19 December, 2023;12;18;25;37;40;43;47;28;30;32;1,282,074
1556;12 December, 2023;6;19;30;39;42;44;47;8;33;46;733,002
1555;5 December, 2023;3;11;17;19;32;36;41;6;22;34;649,613
1554;28 November, 2023;6;19;22;24;33;34;43;10;25;38;520,582
1553;21 November, 2023;8;12;14;21;25;36;41;19;22;23;407,558
1552;14 November, 2023;1;4;9;12;32;38;45;10;18;43;358,928
1551;7 November, 2023;3;16;21;22;30;41;43;25;33;46;267,726
1550;31 October, 2023;3;13;21;31;37;44;45;11;30;33;195,696
1549;24 October, 2023;3;5;25;30;39;40;47;19;33;44;148,295
1548;17 October, 2023;14;18;21;23;33;39;46;28;37;41;485,297
1547;10 October, 2023;2;6;12;15;29;31;35;8;28;47;427,778
1546;3 October, 2023;7;19;21;24;27;43;47;11;29;39;291,069
1545;26 September, 2023;1;9;10;13;20;34;46;19;30;42;233,121
1544;19 September, 2023;14;23;32;33;35;36;45;12;20;30;173,425
1543;12 September, 2023;4;5;12;24;25;27;44;7;39;42;183,798
1542;5 September, 2023;2;5;13;18;21;31;41;9;40;46;293,26
1541;29 August, 2023;14;17;19;22;27;46;47;29;30;40;159,793
1540;22 August, 2023;10;12;33;36;37;40;42;5;27;28;165,632
1539;15 August, 2023;6;8;23;24;27;41;47;4;13;28;568,792
1538;8 August, 2023;3;7;19;20;22;35;47;4;10;17;467,676
1537;1 August, 2023;11;13;17;19;34;36;40;12;14;35;251,216
1536;25 July, 2023;1;10;14;32;39;43;44;8;23;47;160,984
1535;18 July, 2023;7;11;17;20;22;24;41;6;33;47;177,405
1534;11 July, 2023;4;9;26;28;35;42;46;21;40;47;366,413
1533;4 July, 2023;3;12;20;21;29;36;40;1;5;6;312,415
1532;27 June, 2023;5;16;31;37;39;43;47;14;30;40;169,342
1531;20 June, 2023;5;19;22;23;30;36;38;11;42;47;157,075
1530;13 June, 2023;5;12;14;21;22;35;37;17;46;47;325,876
1529;6 June, 2023;1;3;5;8;19;26;46;28;35;40;279,225
1528;30 May, 2023;10;17;20;30;41;42;43;1;6;14;189,3
1527;23 May, 2023;3;4;5;15;18;41;45;25;33;42;175,003
1526;16 May, 2023;5;17;21;22;34;37;45;35;41;47;557,874
1525;9 May, 2023;3;11;21;28;35;40;46;20;39;44;397,724
1524;2 May, 2023;1;7;20;26;28;29;45;4;11;16;333,453
1523;25 April, 2023;7;8;9;21;24;28;31;2;10;11;253,953
1522;18 April, 2023;3;4;5;6;26;34;46;15;22;29;177,166
1521;11 April, 2023;9;12;15;19;21;46;47;16;30;34;433,787
1520;4 April, 2023;2;19;26;28;39;42;47;9;23;37;373,58
1519;28 March, 2023;3;7;15;16;19;35;38;13;32;39;309,853
1518;21 March, 2023;1;4;6;9;19;30;38;10;13;37;235,209
1517;14 March, 2023;3;18;27;34;40;41;44;5;12;46;163,392
1516;7 March, 2023;4;26;28;31;33;44;47;9;11;20;395,411
1515;28 February, 2023;1;5;6;29;31;39;42;3;27;44;261,596
1514;21 February, 2023;1;3;4;21;24;36;38;43;44;46;174,114
1513;14 February, 2023;5;8;14;18;27;38;41;2;11;13;206,027
1512;7 February, 2023;5;7;14;18;20;22;43;1;2;33;446,683
1511;31 January, 2023;5;6;9;10;24;27;34;13;26;39;285,434
1510;24 January, 2023;7;8;18;30;43;44;46;9;10;32;170,401
1509;17 January, 2023;9;10;11;33;37;38;46;21;24;32;149,289
1508;10 January, 2023;7;10;26;27;37;38;42;33;34;47;174,916
1507;3 January, 2023;7;20;24;30;35;41;43;17;19;40;408,175
1506;27 December, 2022;4;8;12;19;21;27;33;7;16;24;286,692
1505;20 December, 2022;9;10;12;14;27;29;37;31;40;47;183,61
1504;13 December, 2022;11;13;17;25;35;37;38;14;23;42;174,135
1503;6 December, 2022;2;5;11;24;32;34;44;20;39;46;460,485
1502;29 November, 2022;3;9;11;15;20;24;40;26;28;45;424,08
1501;22 November, 2022;1;12;15;19;22;27;40;23;33;35;280,465
1500;15 November, 2022;4;11;14;22;25;33;44;19;23;42;239,686
1499;8 November, 2022;1;2;19;23;28;30;40;21;25;44;191,664
1498;1 November, 2022;6;9;13;18;26;30;31;16;22;37;527,837
1497;25 October, 2022;1;7;9;15;23;32;39;18;36;40;266,962
1496;18 October, 2022;8;14;15;21;25;37;42;13;17;45;187,061
1495;11 October, 2022;16;19;23;27;31;32;47;2;14;45;152,776
1494;4 October, 2022;5;17;20;37;39;42;47;22;29;38;778,644
1493;27 September, 2022;2;6;9;10;33;35;36;16;21;41;536,687
1492;20 September, 2022;5;21;22;24;29;33;37;8;14;23;460,051
1491;13 September, 2022;11;13;14;16;28;33;37;10;29;31;317,307
1490;6 September, 2022;8;12;19;28;32;34;41;9;18;20;195,118
1489;30 August, 2022;12;24;27;28;32;34;39;17;18;22;167,964
1488;23 August, 2022;1;3;5;6;18;21;23;10;35;40;375,645
1487;16 August, 2022;4;5;17;28;36;45;47;6;30;46;185,383
1486;9 August, 2022;13;16;21;32;37;43;45;28;31;46;155,98
1485;2 August, 2022;22;23;27;33;38;39;42;4;20;37;440,328
1484;26 July, 2022;11;23;27;29;30;41;42;8;9;15;329,507
1483;19 July, 2022;7;9;11;12;21;28;34;2;4;16;320,889
1482;12 July, 2022;1;5;14;18;24;38;40;27;36;47;169,355
1481;5 July, 2022;2;17;20;22;29;31;41;7;18;36;562,954
1480;28 June, 2022;23;28;38;42;43;44;47;24;39;41;286,369
1479;21 June, 2022;7;11;12;16;40;41;45;3;24;46;238,311
1478;14 June, 2022;2;3;16;22;24;25;35;31;36;44;181,562
1477;7 June, 2022;3;4;12;25;28;33;37;9;17;19;196,529
1476;31 May, 2022;20;21;27;30;32;36;40;8;14;28;218,186
1475;24 May, 2022;5;19;29;37;45;46;47;40;42;43;139,692
1474;17 May, 2022;5;8;21;30;39;44;45;1;25;40;280,333
1473;10 May, 2022;1;3;6;7;19;42;43;26;28;;199,399
1472;3 May, 2022;4;8;15;17;21;29;44;34;41;;150,242
1471;26 April, 2022;4;5;17;22;30;34;45;31;44;;383,538
1470;19 April, 2022;5;6;15;21;27;32;37;8;28;;302,931
1469;12 April, 2022;2;14;23;25;26;27;30;4;36;;214,341
1468;5 April, 2022;3;5;30;34;37;40;45;2;25;;138,829
1467;29 March, 2022;4;7;14;15;17;23;43;3;16;;176,795
1466;22 March, 2022;2;7;9;12;16;22;27;8;13;;280,066
1465;15 March, 2022;6;7;12;17;33;37;41;11;34;;156,703
1464;8 March, 2022;7;14;24;26;35;44;45;5;12;;330,81
1463;1 March, 2022;4;6;19;20;29;31;32;26;39;;232,146
1462;22 February, 2022;14;26;32;34;38;39;43;2;44;;150,909
1461;15 February, 2022;5;7;9;16;28;37;41;31;35;;268,511
1460;8 February, 2022;1;4;7;17;25;32;45;26;36;;209,143
1459;1 February, 2022;8;10;20;23;37;43;44;12;18;;167,861
1458;25 January, 2022;4;11;17;22;26;31;36;6;16;;892,137
1457;18 January, 2022;3;9;14;17;30;37;38;12;34;;577,095
1456;11 January, 2022;1;3;18;22;32;37;38;7;15;;442,987
1455;4 January, 2022;5;6;11;24;25;26;44;34;35;;263,881
1454;28 December, 2021;14;20;25;31;41;42;45;3;6;;158,229
1453;21 December, 2021;3;14;18;26;30;36;43;9;13;;170,521
1452;14 December, 2021;1;3;23;26;31;34;41;16;36;;162,643
1451;7 December, 2021;12;17;22;28;33;36;40;24;45;;586,895
1450;30 November, 2021;3;5;7;34;36;39;42;1;2;;364,929
1449;23 November, 2021;4;7;10;17;19;26;38;22;23;;336,54
1448;16 November, 2021;13;24;32;34;35;38;39;8;19;;193,577
1447;9 November, 2021;6;11;17;36;40;44;45;19;27;;171,575
1446;2 November, 2021;1;4;8;23;25;31;38;11;44;;951,389
1445;26 October, 2021;1;13;15;17;32;44;45;8;34;;585,011
1444;19 October, 2021;8;13;14;25;35;36;43;30;34;;364,988
1443;12 October, 2021;4;10;13;27;30;32;37;5;41;;298,785
1442;5 October, 2021;5;11;12;22;27;30;37;4;29;;249,371
1441;28 September, 2021;2;6;17;20;32;41;42;12;14;;168,093
1440;21 September, 2021;3;27;31;37;38;39;42;10;17;;654,025
1439;14 September, 2021;5;6;8;21;23;33;35;37;41;;481,005
1438;7 September, 2021;10;19;21;27;29;32;41;14;15;;340,496
1437;31 August, 2021;8;14;17;18;34;36;42;30;40;;193,542
1436;24 August, 2021;1;5;7;20;28;32;33;15;41;;180,09
1435;17 August, 2021;5;15;18;32;35;38;44;16;42;;356,352
1434;10 August, 2021;2;5;17;22;30;43;45;4;24;;194,704
1433;3 August, 2021;4;6;7;28;37;38;45;29;43;;147,968
1432;27 July, 2021;1;4;30;35;39;43;44;11;38;;259,933
1431;20 July, 2021;11;13;19;21;23;40;45;36;44;;209,868
1430;13 July, 2021;3;13;14;17;27;33;34;26;38;;172,652
1429;6 July, 2021;19;21;25;32;33;42;44;3;7;;460,798
1428;29 June, 2021;7;8;12;19;26;36;37;15;40;;279,118
1427;22 June, 2021;5;10;17;20;21;27;43;4;6;;209,316
1426;15 June, 2021;11;18;19;23;27;36;45;12;29;;169,756
1425;8 June, 2021;7;8;9;14;16;33;45;15;24;;326,652
1424;1 June, 2021;1;10;20;27;31;39;42;3;40;;211,854
1423;25 May, 2021;12;15;22;28;31;36;39;1;38;;152,295
1422;18 May, 2021;3;9;19;25;32;38;39;7;18;;216,197
1421;11 May, 2021;4;9;13;21;30;36;39;26;37;;159,295
1420;4 May, 2021;2;8;15;18;20;34;38;6;37;;336,451
1419;27 April, 2021;6;11;16;24;33;34;36;13;22;;209,782
1418;20 April, 2021;5;7;11;12;15;32;38;18;43;;163,655
1417;13 April, 2021;7;23;30;33;34;36;45;16;40;;497,452
1416;6 April, 2021;9;15;19;26;30;43;44;31;33;;403,577
1415;30 March, 2021;4;6;18;21;25;30;39;10;40;;352,931
1414;23 March, 2021;1;4;9;26;29;34;40;5;45;;213,672
1413;16 March, 2021;9;20;23;25;26;32;43;11;15;;160,093
1412;9 March, 2021;9;11;13;14;17;21;38;10;37;;578,511
1411;2 March, 2021;3;12;14;17;33;42;44;18;38;;444,905
1410;23 February, 2021;3;4;10;22;29;32;36;2;40;;351,878
1409;16 February, 2021;6;14;15;19;29;40;45;17;21;;194,018
1408;9 February, 2021;2;5;13;18;24;29;43;27;35;;171,946
1407;2 February, 2021;3;14;16;17;26;42;44;37;38;;595,965
1406;26 January, 2021;3;12;22;25;29;34;42;1;26;;472,393
1405;19 January, 2021;13;14;16;18;21;28;42;5;33;;329,298
1404;12 January, 2021;2;9;14;19;28;29;44;12;35;;234,679
1403;5 January, 2021;6;9;11;20;33;42;45;22;31;;171,815
1402;29 December, 2020;2;8;15;26;29;35;39;32;43;;313,297
1401;22 December, 2020;5;16;18;23;35;41;43;4;36;;210,919
1400;15 December, 2020;6;21;25;26;29;39;42;19;35;;155,181
1399;8 December, 2020;5;6;11;15;23;38;41;25;29;;227,534
1398;1 December, 2020;4;6;11;16;21;37;38;8;42;;175,815
1397;24 November, 2020;9;15;17;25;26;31;35;2;12;;174,428
1396;17 November, 2020;2;10;25;27;31;33;39;20;37;;641,834
1395;10 November, 2020;5;8;19;20;24;32;38;25;34;;479,798
1394;3 November, 2020;8;13;19;31;39;44;45;12;33;;290,332
1393;27 October, 2020;12;13;15;21;32;39;43;24;29;;198,51
1392;20 October, 2020;9;14;21;26;28;32;43;17;35;;173,07
1391;13 October, 2020;8;11;13;20;38;39;43;3;6;;174,446
1390;6 October, 2020;10;12;13;22;25;26;43;2;34;;339,332
1389;29 September, 2020;2;7;12;21;22;25;41;1;4;;273,023
1388;22 September, 2020;2;3;18;22;34;37;45;14;30;;173,969
1387;15 September, 2020;2;10;18;31;36;41;44;5;23;;404,215
1386;8 September, 2020;2;10;13;15;21;24;34;22;42;;318,173
1385;1 September, 2020;14;17;18;30;33;37;41;12;43;;203,017
1384;25 August, 2020;3;7;13;16;17;27;40;6;41;;208,895
1383;18 August, 2020;10;12;21;22;26;43;45;1;19;;406,491
1382;11 August, 2020;5;10;17;22;27;30;43;25;35;;263,865
1381;4 August, 2020;25;29;32;33;34;36;41;3;4;;168,722
1380;28 July, 2020;10;18;23;26;27;32;36;5;20;;366,874
1379;21 July, 2020;13;16;18;29;32;38;39;15;37;;223,41
1378;14 July, 2020;1;2;24;28;40;41;43;8;37;;179,936
1377;7 July, 2020;4;5;7;9;12;13;32;19;35;;925,103
1376;30 June, 2020;1;17;26;28;38;39;44;14;41;;534,097
1375;23 June, 2020;1;3;9;13;17;20;41;28;45;;471,515
1374;16 June, 2020;1;2;13;21;22;27;38;24;33;;331,328
1373;9 June, 2020;8;11;26;27;31;38;39;3;36;;220,948
1372;2 June, 2020;6;11;18;20;26;28;42;37;45;;167,688
1371;26 May, 2020;3;5;12;22;24;27;30;28;39;;189,018
1370;19 May, 2020;11;19;21;23;24;25;45;33;41;;436,433
1369;12 May, 2020;5;6;7;22;28;30;39;11;41;;356,96
1368;5 May, 2020;1;10;25;26;27;29;31;14;34;;208,191
1367;28 April, 2020;1;8;14;22;34;44;45;38;42;;147,785
1366;21 April, 2020;11;13;16;23;28;34;39;8;21;;165,674
1365;14 April, 2020;1;9;14;15;30;31;37;17;42;;335,526
1364;7 April, 2020;15;20;25;29;33;43;45;2;36;;293,556
1363;31 March, 2020;5;10;11;30;32;34;42;36;40;;185,149
1362;24 March, 2020;6;8;13;19;23;27;45;2;31;;160,873
1361;17 March, 2020;5;9;12;14;16;24;33;2;17;;288,712
1360;10 March, 2020;10;14;22;24;25;32;37;2;36;;219,984
1359;3 March, 2020;13;14;21;29;30;31;42;7;22;;187,46
1358;25 February, 2020;9;20;31;32;34;39;40;2;27;;126,088
1357;18 February, 2020;9;11;13;16;37;39;43;29;31;;187,278
1356;11 February, 2020;8;19;20;21;24;26;31;1;12;;165,134
1355;4 February, 2020;4;5;11;16;24;31;35;7;14;;274,871
1354;28 January, 2020;3;9;12;31;35;36;40;1;8;;168,016
1353;21 January, 2020;5;12;17;22;37;40;43;27;36;;143,509
1352;14 January, 2020;7;9;10;21;34;40;44;2;37;;295,731
1351;7 January, 2020;10;15;17;26;28;34;45;12;18;;202,529
1350;31 December, 2019;1;5;10;11;23;29;39;40;42;;201,979
1349;24 December, 2019;5;20;21;22;28;29;32;41;45;;387,242
1348;17 December, 2019;1;7;32;33;34;37;44;12;26;;297,7
1347;10 December, 2019;3;8;19;30;34;35;44;15;20;;275,52
1346;3 December, 2019;11;26;28;30;37;42;45;1;35;;191,281
1345;26 November, 2019;1;2;8;9;26;35;42;3;27;;159,096
1344;19 November, 2019;5;8;21;23;38;39;40;16;17;;175,405
1343;12 November, 2019;9;28;29;32;39;40;41;18;26;;127,769
1342;5 November, 2019;4;8;23;24;30;36;42;21;37;;249,635
1341;29 October, 2019;1;14;20;21;26;41;44;4;45;;183,527
1340;22 October, 2019;14;16;27;28;30;33;42;2;36;;156,293
1339;15 October, 2019;5;13;20;22;25;32;42;21;23;;816,593
1338;8 October, 2019;5;12;14;18;35;37;40;10;16;;596,142
1337;1 October, 2019;7;10;12;27;28;37;42;21;22;;556,895
1336;24 September, 2019;12;17;24;26;36;38;45;1;39;;388,413
1335;17 September, 2019;3;14;17;28;30;36;40;25;32;;231,574
1334;10 September, 2019;12;14;17;23;26;28;35;15;29;;185,013
1333;3 September, 2019;6;13;23;27;38;39;44;2;7;;152,305
1332;27 August, 2019;7;20;22;27;29;32;40;25;33;;254,701
1331;20 August, 2019;1;5;7;16;37;41;43;10;20;;181,172
1330;13 August, 2019;1;7;11;14;18;21;27;35;36;;199,714
1329;6 August, 2019;13;15;19;24;32;37;45;23;28;;632,509
1328;30 July, 2019;5;11;21;23;27;30;34;40;42;;549,084
1327;23 July, 2019;4;9;15;23;25;30;37;24;42;;394,017
1326;16 July, 2019;5;8;14;22;31;32;37;10;23;;253,642
1325;9 July, 2019;9;10;15;17;22;31;35;14;45;;173,008
1324;2 July, 2019;5;6;7;9;28;40;44;37;41;;146,668
1323;25 June, 2019;14;19;25;29;35;36;42;1;13;;1,443,116
1322;18 June, 2019;2;3;6;16;30;35;43;28;41;;1,086,052
1321;11 June, 2019;2;7;26;30;34;37;43;5;8;;721,599
1320;4 June, 2019;2;4;9;17;18;22;28;23;32;;646,591
1319;28 May, 2019;3;13;20;24;30;33;34;11;29;;516,348
1318;21 May, 2019;2;18;26;33;36;40;45;5;31;;316,916
1317;14 May, 2019;16;17;19;23;30;35;45;14;36;;251,416
1316;7 May, 2019;3;4;5;15;23;41;42;29;43;;163,683
1315;30 April, 2019;6;10;18;22;24;25;32;41;45;;129,58
1314;23 April, 2019;4;6;7;16;23;26;33;8;10;;335,497
1313;16 April, 2019;6;9;12;21;22;36;40;2;27;;299,318
1312;9 April, 2019;13;17;20;22;31;37;39;40;41;;186,445
1311;2 April, 2019;7;9;17;22;36;37;43;8;39;;157,934
1310;26 March, 2019;9;12;18;24;25;28;29;13;31;;1,150,321
1309;19 March, 2019;6;13;14;22;28;40;41;17;18;;783,488
1308;12 March, 2019;7;9;25;27;28;36;37;14;21;;598,955
1307;5 March, 2019;7;9;22;30;33;38;42;35;43;;427,834
1306;26 February, 2019;8;9;23;27;32;37;45;3;31;;268,462
1305;19 February, 2019;9;15;17;26;30;34;42;23;41;;212,38
1304;12 February, 2019;3;5;6;10;12;36;39;9;26;;181,737
1303;5 February, 2019;1;6;7;8;16;37;41;17;28;;152,235
1302;29 January, 2019;4;19;22;26;27;35;38;25;36;;433,838
1301;22 January, 2019;4;7;25;26;32;35;36;41;45;;380,608
1300;15 January, 2019;15;20;27;28;31;36;42;38;40;;221,436
1299;8 January, 2019;5;12;20;32;35;36;43;10;45;;152,737
1298;1 January, 2019;11;20;23;26;30;32;44;6;18;;117,284
1297;25 December, 2018;4;7;11;28;32;33;38;3;40;;225,787
1296;18 December, 2018;4;13;15;16;27;29;45;26;43;;168,554
1295;11 December, 2018;7;8;18;33;37;38;42;20;32;;121,012
1294;4 December, 2018;18;19;20;21;27;32;35;17;44;;131,031
1293;27 November, 2018;4;7;13;18;25;30;38;3;5;;162,682
1292;20 November, 2018;2;13;19;22;24;28;39;1;5;;313,313
1291;13 November, 2018;9;11;16;19;28;42;45;6;35;;204,154
1290;6 November, 2018;3;14;15;22;23;27;34;8;33;;137,546
1289;30 October, 2018;3;7;8;14;17;28;31;30;39;;298,354
1288;23 October, 2018;7;12;27;28;32;33;44;17;19;;254,292
1287;16 October, 2018;2;3;14;15;21;41;43;25;29;;169,148
1286;9 October, 2018;4;25;26;30;32;41;45;9;44;;127,989
1285;2 October, 2018;7;15;16;24;38;41;43;27;34;;267,905
1284;25 September, 2018;17;20;21;24;29;33;39;8;31;;198,843
1283;18 September, 2018;20;23;26;32;33;39;42;22;24;;130,725
1282;11 September, 2018;2;4;6;23;30;32;36;11;27;;510,586
1281;4 September, 2018;11;15;25;30;33;36;41;14;34;;332,209
1280;28 August, 2018;1;2;13;19;21;23;34;11;33;;321,2
1279;21 August, 2018;3;4;9;12;14;32;38;24;35;;223,132
1278;14 August, 2018;5;11;24;25;28;37;38;1;27;;151,526
1277;7 August, 2018;14;15;21;24;26;31;40;3;33;;1,173,917
1276;31 July, 2018;1;7;10;13;25;26;40;31;38;;731,076
1275;24 July, 2018;2;3;13;22;38;39;40;7;34;;556,128
1274;17 July, 2018;11;17;19;20;28;38;42;27;35;;472,476
1273;10 July, 2018;1;3;10;13;37;40;44;6;41;;296,77
1272;3 July, 2018;4;9;10;16;18;23;27;35;41;;268,857
1271;26 June, 2018;10;11;14;22;32;34;36;2;30;;177,783
1270;19 June, 2018;10;16;18;20;22;26;35;25;34;;136,034
1269;12 June, 2018;2;7;12;22;31;38;45;11;29;;342,428
1268;5 June, 2018;11;18;23;30;33;37;45;3;6;;237,594
1267;29 May, 2018;1;8;9;12;13;21;44;10;38;;181,277
1266;22 May, 2018;2;12;13;19;31;39;45;24;41;;128,145
1265;15 May, 2018;3;6;12;13;29;40;41;4;39;;296,792
1264;8 May, 2018;9;27;29;31;41;43;45;6;16;;237,325
1263;1 May, 2018;8;9;11;15;19;27;36;5;29;;231,35
1262;24 April, 2018;4;7;16;27;29;39;45;24;40;;147,101
1261;17 April, 2018;7;11;20;23;27;36;43;18;26;;315,13
1260;10 April, 2018;3;15;17;23;25;31;40;16;26;;197,139
1259;3 April, 2018;2;13;24;26;36;37;42;14;44;;125,12
1258;27 March, 2018;3;5;19;22;27;29;38;35;41;;294,988
1257;20 March, 2018;4;8;11;13;16;32;34;20;29;;177,937
1256;13 March, 2018;5;18;23;25;29;35;39;15;21;;146,43
1255;6 March, 2018;5;18;30;34;37;38;41;11;28;;513,808
1254;27 February, 2018;2;16;25;29;31;33;39;36;42;;337,907
1253;20 February, 2018;1;2;5;11;15;29;35;21;31;;347,18
1252;13 February, 2018;2;3;26;35;37;40;42;32;36;;175,377
1251;6 February, 2018;6;11;22;35;40;41;43;21;45;;135,763
1250;30 January, 2018;2;5;12;24;31;40;45;16;30;;300,917
1249;23 January, 2018;16;21;25;28;31;33;44;1;35;;196,288
1248;16 January, 2018;4;7;9;23;26;30;37;5;38;;163,541
1247;9 January, 2018;1;8;9;26;40;43;45;27;34;;138,638
1246;2 January, 2018;1;8;12;26;28;30;43;7;11;;738,192
1245;26 December, 2017;2;7;9;30;37;41;45;23;33;;438,636
1244;19 December, 2017;5;18;26;34;35;37;44;1;36;;390,764
1243;12 December, 2017;3;4;6;7;31;35;43;2;5;;356,847
1242;5 December, 2017;4;9;22;26;28;34;45;15;43;;298,483
1241;28 November, 2017;3;7;9;16;19;28;35;1;10;;233,802
1240;21 November, 2017;14;15;16;23;26;33;45;5;24;;135,871
1239;14 November, 2017;1;3;5;15;16;25;30;12;40;;792,834
1238;7 November, 2017;4;12;13;26;30;37;45;10;17;;579,121
1237;31 October, 2017;6;21;23;30;32;42;44;9;29;;305,923
1236;24 October, 2017;9;15;22;31;35;40;44;32;36;;235,669
1235;17 October, 2017;7;23;32;38;39;40;41;19;35;;159,989
1234;10 October, 2017;7;12;17;20;28;31;42;1;25;;152,714
1233;3 October, 2017;7;9;14;26;30;36;43;38;41;;331,346
1232;26 September, 2017;6;8;13;14;33;41;45;15;42;;272,954
1231;19 September, 2017;6;14;15;29;31;37;42;30;45;;156,09
1230;12 September, 2017;1;12;20;24;41;44;45;6;38;;128,848
1229;5 September, 2017;4;8;16;27;28;35;45;22;34;;561,253
1228;29 August, 2017;8;21;22;23;24;36;44;4;37;;325,991
1227;22 August, 2017;7;12;14;16;40;41;43;37;38;;270,095
1226;15 August, 2017;4;8;13;17;25;33;43;15;23;;217,681
1225;8 August, 2017;6;15;21;25;40;43;45;19;26;;143,503
1224;1 August, 2017;3;9;13;16;37;41;43;11;26;;191,869
1223;25 July, 2017;1;4;6;15;22;29;39;7;14;;159,743
1222;18 July, 2017;2;7;19;21;23;29;45;37;43;;1,122,571
1221;11 July, 2017;4;22;30;36;37;39;40;14;35;;702,411
1220;4 July, 2017;7;18;28;33;35;37;43;19;21;;575,291
1219;27 June, 2017;3;6;8;22;26;40;41;27;32;;309,856
1218;20 June, 2017;13;16;17;21;23;25;28;2;34;;273,071
1217;13 June, 2017;2;4;9;10;13;14;43;12;45;;168,985
1216;6 June, 2017;10;11;15;19;23;30;34;2;26;;154,555
1215;30 May, 2017;1;4;13;19;26;31;35;25;37;;706,041
1214;23 May, 2017;2;4;12;17;20;22;38;16;35;;558,206
1213;16 May, 2017;9;14;21;22;27;41;43;4;8;;320,973
1212;9 May, 2017;1;3;15;16;20;33;45;12;39;;214,006
1211;2 May, 2017;2;9;17;19;22;28;38;33;41;;161,017
1210;25 April, 2017;11;27;28;37;41;43;45;4;31;;117,479
1209;18 April, 2017;13;27;29;33;39;42;44;15;31;;238,806
1208;11 April, 2017;1;21;23;25;28;38;45;2;33;;174,838
1207;4 April, 2017;1;6;8;23;33;36;45;27;43;;140,873
1206;28 March, 2017;12;22;23;37;39;41;45;18;20;;270,975
1205;21 March, 2017;6;15;25;27;31;33;44;19;26;;242,083
1204;14 March, 2017;2;6;10;14;25;28;31;8;33;;187,675
1203;7 March, 2017;4;6;17;18;21;33;37;1;8;;143,18
1202;28 February, 2017;2;17;26;27;33;37;42;4;44;;267,304
1201;21 February, 2017;5;9;19;28;31;41;45;1;37;;188,773
1200;14 February, 2017;1;7;9;30;38;39;45;14;28;;144,499
1199;7 February, 2017;4;8;20;29;32;37;40;7;17;;547,706
1198;31 January, 2017;3;8;18;20;24;30;38;21;44;;439,567
1197;24 January, 2017;17;20;24;27;31;34;43;6;29;;352,91
1196;17 January, 2017;2;7;21;22;31;37;39;1;40;;292,462
1195;10 January, 2017;2;12;17;18;34;41;43;16;22;;172,75
1194;3 January, 2017;1;12;15;17;23;24;27;29;41;;123,964
1193;27 December, 2016;7;25;27;28;33;34;35;38;41;;120,792
1192;20 December, 2016;14;16;25;26;29;36;45;3;7;;129,929
1191;13 December, 2016;17;20;31;34;37;39;44;24;29;;220,21
1190;6 December, 2016;15;17;30;34;35;43;45;14;23;;155,484
1189;29 November, 2016;12;22;28;31;32;35;42;1;39;;129,362
1188;22 November, 2016;11;17;30;31;32;43;45;7;10;;131,658
1187;15 November, 2016;7;11;15;16;18;26;27;21;30;;388,05
1186;8 November, 2016;2;5;7;13;22;36;42;18;23;;306,994
1185;1 November, 2016;6;9;17;22;27;41;43;8;36;;180,829
1184;25 October, 2016;5;8;20;33;34;36;37;17;40;;128,644
1183;18 October, 2016;3;6;9;13;23;37;43;32;38;;
1182;11 October, 2016;3;8;18;21;25;27;38;23;35;;
1181;4 October, 2016;3;4;10;12;14;28;41;5;32;;
1180;27 September, 2016;3;13;21;26;32;36;45;14;31;;
1179;20 September, 2016;4;12;27;31;33;34;39;20;36;;
1178;13 September, 2016;1;3;19;29;30;42;44;23;28;;
1177;6 September, 2016;8;16;27;29;37;39;44;38;43;;
1176;30 August, 2016;9;12;16;22;27;33;43;15;31;;
1175;23 August, 2016;1;5;15;21;32;36;45;9;31;;
1174;16 August, 2016;9;11;20;24;27;36;44;10;31;;
1173;9 August, 2016;2;11;13;18;26;33;41;6;34;;
1172;2 August, 2016;1;7;8;27;31;33;45;2;41;;
1171;26 July, 2016;1;4;11;22;30;31;38;25;26;;
1170;19 July, 2016;4;7;22;32;34;41;45;23;36;;
1169;12 July, 2016;1;11;19;24;28;29;39;37;38;;
1168;5 July, 2016;2;9;14;31;37;41;43;1;17;;
1167;28 June, 2016;11;13;16;19;24;32;44;26;38;;
1166;21 June, 2016;2;5;16;28;36;42;44;22;25;;
1165;14 June, 2016;18;20;22;25;29;44;45;36;40;;
1164;7 June, 2016;6;8;14;16;22;29;34;19;38;;
1163;31 May, 2016;6;9;15;21;23;33;44;1;29;;
1162;24 May, 2016;4;5;11;22;25;32;38;20;40;;
1161;17 May, 2016;5;10;18;21;24;42;44;3;35;;
1160;10 May, 2016;20;21;22;26;27;36;44;25;32;;
1159;3 May, 2016;9;11;18;20;30;33;42;2;27;;
1158;26 April, 2016;1;5;6;15;19;41;45;3;20;;
1157;19 April, 2016;5;22;25;29;33;40;42;21;39;;
1156;12 April, 2016;18;23;31;35;39;42;43;5;37;;
1155;5 April, 2016;2;3;15;17;28;37;44;4;18;;
1154;29 March, 2016;3;9;12;26;33;38;39;23;44;;
1153;22 March, 2016;1;9;17;19;32;37;38;22;41;;
1152;15 March, 2016;2;8;12;13;32;37;38;11;23;;
1151;8 March, 2016;1;9;21;24;35;44;45;6;10;;
1150;1 March, 2016;3;5;20;27;30;32;41;15;40;;
1149;23 February, 2016;1;5;18;21;22;36;39;7;38;;
1148;16 February, 2016;13;15;22;28;33;37;45;21;27;;
1147;9 February, 2016;6;11;22;30;35;37;40;9;16;;
1146;2 February, 2016;2;5;7;9;19;22;44;28;36;;
1145;26 January, 2016;5;13;23;24;26;35;41;9;34;;
1144;19 January, 2016;1;10;12;13;25;31;34;15;38;;
1143;12 January, 2016;9;10;17;24;34;35;43;8;33;;
1142;5 January, 2016;18;19;25;31;33;37;43;13;34;;
1141;29 December, 2015;4;9;16;28;35;37;43;3;20;;
1140;22 December, 2015;10;20;26;27;29;34;44;2;19;;
1139;15 December, 2015;4;6;8;20;33;37;44;1;2;;
1138;8 December, 2015;8;11;14;19;30;36;40;5;16;;
1137;1 December, 2015;5;7;8;13;14;15;29;27;28;;
1136;24 November, 2015;1;9;12;22;24;25;30;6;39;;
1135;17 November, 2015;5;16;19;26;29;32;39;1;4;;
1134;10 November, 2015;20;22;23;25;33;34;36;13;21;;
1133;3 November, 2015;5;19;30;31;32;37;40;24;44;;
1132;27 October, 2015;3;5;10;11;18;30;44;31;42;;
1131;20 October, 2015;9;10;11;21;35;43;45;40;41;;
1130;13 October, 2015;28;29;32;34;36;37;41;9;30;;
1129;6 October, 2015;2;7;13;21;26;36;42;29;40;;
1128;29 September, 2015;1;3;10;12;26;34;42;4;20;;
1127;22 September, 2015;21;23;27;35;37;42;44;28;32;;
1126;15 September, 2015;1;2;13;19;29;33;43;9;31;;
1125;8 September, 2015;4;9;13;21;24;37;38;28;34;;
1124;1 September, 2015;13;18;22;24;25;43;45;12;35;;
1123;25 August, 2015;15;18;19;21;25;34;45;1;30;;
1122;18 August, 2015;3;6;7;25;29;32;42;2;22;;
1121;11 August, 2015;1;4;9;11;15;32;37;34;44;;
1120;4 August, 2015;8;9;14;19;40;41;44;4;18;;
1119;28 July, 2015;14;18;20;25;33;36;38;6;19;;
1118;21 July, 2015;3;13;20;21;26;30;33;17;37;;
1117;14 July, 2015;2;15;30;33;34;38;44;8;20;;
1116;7 July, 2015;1;11;17;19;23;27;36;40;45;;
1115;30 June, 2015;2;10;11;13;22;29;33;8;9;;
1114;23 June, 2015;2;5;9;19;27;36;45;7;41;;
1113;16 June, 2015;4;7;8;17;20;30;40;28;45;;
1112;9 June, 2015;5;7;10;14;15;21;32;16;31;;
1111;2 June, 2015;2;17;18;21;30;33;37;32;43;;
1110;26 May, 2015;9;26;32;39;40;42;44;4;11;;
1109;19 May, 2015;2;4;6;14;16;25;27;21;45;;
1108;12 May, 2015;13;24;27;28;30;33;43;4;25;;
1107;5 May, 2015;2;17;18;21;29;37;45;11;38;;
1106;28 April, 2015;2;29;30;34;35;41;45;3;19;;
1105;21 April, 2015;2;8;10;25;28;33;37;1;41;;
1104;14 April, 2015;2;3;12;24;33;42;45;6;19;;
1103;7 April, 2015;10;11;14;22;26;36;42;34;45;;
1102;31 March, 2015;3;4;16;17;29;32;44;33;34;;
1101;24 March, 2015;4;11;16;24;28;33;45;41;44;;
1100;17 March, 2015;4;5;14;15;16;29;42;10;36;;
1099;10 March, 2015;3;5;22;25;27;36;45;41;44;;
1098;3 March, 2015;5;19;20;23;26;31;43;21;35;;
1097;24 February, 2015;3;4;6;18;21;23;31;26;37;;
1096;17 February, 2015;2;4;19;25;30;31;38;11;22;;
1095;10 February, 2015;6;32;36;39;40;42;44;28;38;;
1094;3 February, 2015;2;5;7;10;11;12;36;4;14;;
1093;27 January, 2015;1;7;9;30;31;35;40;13;39;;
1092;20 January, 2015;2;14;15;20;28;31;34;29;42;;
1091;13 January, 2015;23;24;33;36;38;40;44;20;37;;
1090;6 January, 2015;2;6;11;19;35;39;40;8;22;;
1089;30 December, 2014;4;7;19;26;35;41;43;23;31;;
1088;23 December, 2014;6;13;17;19;25;34;37;12;45;;
1087;16 December, 2014;4;11;20;21;25;42;45;1;23;;
1086;9 December, 2014;7;13;15;21;25;42;43;22;27;;
1085;2 December, 2014;1;15;21;29;35;36;45;19;40;;
1084;25 November, 2014;8;9;13;16;24;25;42;4;33;;
1083;18 November, 2014;14;28;29;30;37;38;44;9;34;;
1082;11 November, 2014;2;10;21;25;33;41;43;4;31;;
1081;4 November, 2014;13;14;18;21;23;25;31;2;38;;
1080;28 October, 2014;6;9;20;21;22;38;40;2;18;;
1079;21 October, 2014;6;14;17;19;25;32;34;5;41;;
1078;14 October, 2014;3;12;17;21;24;38;45;2;19;;
1077;7 October, 2014;3;6;15;19;20;23;28;2;31;;
1076;30 September, 2014;10;14;27;30;34;36;40;4;17;;
1075;23 September, 2014;6;15;16;22;35;39;43;2;40;;
1074;16 September, 2014;13;15;31;33;34;36;45;2;32;;
1073;9 September, 2014;15;23;25;28;38;43;44;8;41;;
1072;2 September, 2014;1;3;9;15;29;40;43;18;39;;
1071;26 August, 2014;2;3;4;12;17;26;32;8;22;;
1070;19 August, 2014;1;5;7;31;33;41;43;38;42;;
1069;12 August, 2014;3;5;29;32;37;41;43;16;36;;
1068;5 August, 2014;3;9;21;25;33;35;42;16;38;;
1067;29 July, 2014;1;10;15;30;31;38;43;22;35;;
1066;22 July, 2014;3;16;17;19;24;25;35;14;33;;
1065;15 July, 2014;1;3;10;14;22;29;37;13;15;;
1064;8 July, 2014;7;14;28;30;39;41;42;8;34;;
1063;1 July, 2014;1;10;11;15;19;20;44;4;28;;
1062;24 June, 2014;8;12;26;32;36;40;41;2;10;;
1061;17 June, 2014;1;3;7;23;36;37;41;10;32;;
1060;10 June, 2014;1;2;16;17;32;34;44;5;35;;
1059;3 June, 2014;5;8;14;20;21;35;40;22;41;;
1058;27 May, 2014;2;3;12;19;23;32;40;6;37;;
1057;20 May, 2014;4;5;7;16;26;31;39;9;32;;
1056;13 May, 2014;4;6;14;20;23;26;35;19;40;;
1055;6 May, 2014;3;11;15;25;28;29;41;4;43;;
1054;29 April, 2014;1;4;7;10;12;25;35;5;33;;
1053;22 April, 2014;4;5;12;30;35;36;43;16;40;;
1052;15 April, 2014;5;17;22;27;29;31;35;12;38;;
1051;8 April, 2014;6;12;18;19;24;25;35;23;31;;
1050;1 April, 2014;1;10;16;19;21;31;40;17;42;;
1049;25 March, 2014;15;16;23;29;33;40;45;22;41;;
1048;18 March, 2014;2;4;19;24;30;33;38;3;20;;
1047;11 March, 2014;14;16;17;19;22;41;43;7;44;;
1046;4 March, 2014;24;30;32;34;38;41;42;13;28;;
1045;25 February, 2014;3;16;20;21;34;37;38;6;13;;
1044;18 February, 2014;1;4;7;11;27;30;36;19;25;;
1043;11 February, 2014;7;15;20;22;28;36;38;21;26;;
1042;4 February, 2014;3;5;22;26;39;43;44;8;15;;
1041;28 January, 2014;4;14;22;25;26;31;36;12;30;;
1040;21 January, 2014;1;7;16;23;29;31;42;15;30;;
1039;14 January, 2014;21;22;24;36;40;44;45;4;38;;
1038;7 January, 2014;14;17;19;20;21;28;29;1;45;;
1037;31 December, 2013;4;7;9;13;14;36;41;43;44;;
1036;24 December, 2013;4;6;22;24;33;36;42;7;16;;
1035;17 December, 2013;17;20;24;26;34;36;39;22;23;;
1034;10 December, 2013;9;11;20;35;38;42;43;8;32;;
1033;3 December, 2013;2;19;20;21;23;33;40;18;44;;
1032;26 November, 2013;5;6;12;24;26;31;40;11;43;;
1031;19 November, 2013;7;9;19;30;37;42;44;11;33;;
1030;12 November, 2013;5;6;8;29;30;36;38;16;43;;
1029;5 November, 2013;3;6;10;17;18;37;45;19;25;;
1028;29 October, 2013;7;13;29;32;39;43;45;16;36;;
1027;22 October, 2013;7;15;20;21;24;28;42;8;40;;
1026;15 October, 2013;2;5;10;18;22;36;39;1;11;;
1025;8 October, 2013;5;24;28;32;38;39;45;29;30;;
1024;1 October, 2013;1;8;11;12;27;36;42;9;13;;
1023;24 September, 2013;10;14;20;33;37;42;43;9;40;;
1022;17 September, 2013;8;9;24;27;31;41;44;13;38;;
1021;10 September, 2013;12;18;20;21;29;37;40;8;13;;
1020;3 September, 2013;8;18;22;23;26;28;31;7;34;;
1019;27 August, 2013;7;18;19;28;31;33;37;10;21;;
1018;20 August, 2013;7;9;17;26;36;38;45;41;44;;
1017;13 August, 2013;1;11;14;30;31;33;43;15;27;;
1016;6 August, 2013;16;25;27;29;30;33;37;3;21;;
1015;30 July, 2013;3;7;13;16;21;29;39;9;43;;
1014;23 July, 2013;8;28;31;34;37;40;41;39;42;;
1013;16 July, 2013;2;6;9;33;36;42;43;21;35;;
1012;9 July, 2013;1;2;7;11;13;17;41;33;40;;
1011;2 July, 2013;13;15;20;31;38;42;45;18;35;;
1010;25 June, 2013;4;7;10;16;17;20;41;5;36;;
1009;18 June, 2013;1;9;20;29;31;35;40;27;44;;
1008;11 June, 2013;3;6;24;25;26;29;38;19;30;;
1007;4 June, 2013;2;5;17;18;22;26;41;10;40;;
1006;28 May, 2013;1;14;25;26;30;31;35;18;27;;
1005;21 May, 2013;2;3;19;23;39;41;43;11;33;;
1004;14 May, 2013;1;9;12;13;22;26;41;34;39;;
1003;7 May, 2013;16;18;24;28;31;35;44;4;20;;
1002;30 April, 2013;6;12;26;27;32;39;44;14;41;;
1001;23 April, 2013;7;12;19;27;35;39;41;8;21;;
1000;16 April, 2013;4;7;16;22;24;37;40;20;43;;
999;9 April, 2013;3;6;8;23;32;36;45;15;21;;
998;2 April, 2013;7;12;17;35;40;42;44;30;36;;
997;26 March, 2013;14;18;19;21;25;43;44;12;20;;
996;19 March, 2013;1;7;11;26;33;37;40;2;27;;
995;12 March, 2013;3;8;10;21;28;38;40;19;42;;
994;5 March, 2013;2;3;5;11;26;27;44;19;45;;
993;26 February, 2013;7;8;10;12;18;23;34;26;35;;
992;19 February, 2013;1;2;18;20;27;35;41;22;28;;
991;12 February, 2013;2;3;5;16;28;42;43;27;39;;
990;5 February, 2013;17;19;27;30;37;42;45;8;18;;
989;29 January, 2013;6;19;22;34;36;38;39;17;40;;
988;22 January, 2013;1;14;24;27;28;30;39;8;17;;
987;15 January, 2013;7;17;21;28;34;36;44;25;31;;
986;8 January, 2013;1;13;15;30;35;39;40;25;33;;
985;1 January, 2013;8;19;25;28;30;39;42;43;44;;
984;25 December, 2012;2;5;15;16;20;28;32;10;24;;
983;18 December, 2012;12;15;19;22;36;41;43;1;38;;
982;11 December, 2012;3;5;12;15;21;25;30;20;32;;
981;4 December, 2012;1;3;7;14;21;24;31;10;34;;
980;27 November, 2012;1;9;13;16;22;33;34;4;5;;
979;20 November, 2012;19;24;26;34;39;43;44;5;31;;
978;13 November, 2012;3;7;8;12;17;37;39;23;32;;
977;6 November, 2012;2;7;8;13;15;29;43;20;21;;
976;30 October, 2012;4;5;8;16;21;26;31;32;41;;
975;23 October, 2012;2;14;16;21;25;27;41;32;43;;
974;16 October, 2012;4;5;8;16;23;44;45;24;36;;
973;9 October, 2012;1;4;12;15;22;33;43;30;45;;
972;2 October, 2012;2;11;13;15;28;33;41;16;17;;
971;25 September, 2012;5;15;29;35;40;44;45;12;36;;
970;18 September, 2012;6;7;11;12;14;16;17;10;39;;
969;11 September, 2012;1;9;10;12;20;26;32;17;19;;
968;4 September, 2012;6;18;20;32;33;34;44;2;23;;
967;28 August, 2012;12;25;26;28;35;39;42;5;18;;
966;21 August, 2012;5;18;32;33;35;36;44;4;39;;
965;14 August, 2012;4;7;14;18;19;28;42;27;40;;
964;7 August, 2012;3;4;15;19;28;38;44;25;42;;
963;31 July, 2012;1;5;8;14;17;19;20;2;18;;
962;24 July, 2012;6;20;29;31;36;40;43;2;17;;
961;17 July, 2012;3;4;16;17;20;32;34;38;41;;
960;10 July, 2012;1;4;9;19;20;37;40;7;24;;
959;3 July, 2012;19;21;24;28;32;34;45;16;18;;
958;26 June, 2012;1;7;11;17;19;25;43;14;21;;
957;19 June, 2012;1;2;4;10;16;31;39;18;21;;
956;12 June, 2012;7;8;10;26;33;42;45;30;37;;
955;5 June, 2012;1;12;30;33;34;37;44;27;38;;
954;29 May, 2012;3;11;29;35;37;43;45;5;24;;
953;22 May, 2012;6;12;14;22;33;38;45;13;19;;
952;15 May, 2012;7;10;14;17;19;38;45;20;25;;
951;8 May, 2012;6;8;17;28;34;41;42;4;19;;
950;1 May, 2012;2;6;25;29;34;36;37;3;8;;
949;24 April, 2012;4;6;11;16;19;27;45;13;43;;
948;17 April, 2012;9;21;24;27;35;38;40;30;39;;
947;10 April, 2012;6;15;22;35;36;42;45;10;23;;
946;3 April, 2012;7;10;19;21;27;36;44;2;8;;
945;27 March, 2012;3;11;15;17;18;24;39;23;34;;
944;20 March, 2012;3;5;15;22;23;34;40;2;26;;
943;13 March, 2012;3;23;26;29;32;33;42;13;36;;
942;6 March, 2012;5;7;15;21;29;32;41;36;37;;
941;28 February, 2012;5;8;12;17;28;30;43;25;31;;
940;21 February, 2012;6;13;14;19;31;41;45;9;28;;
939;14 February, 2012;7;10;23;25;27;31;43;20;34;;
938;7 February, 2012;1;5;20;21;25;33;39;29;41;;
937;31 January, 2012;1;9;12;14;18;32;39;11;25;;
936;24 January, 2012;10;12;13;27;29;40;44;15;18;;
935;17 January, 2012;2;5;7;11;13;31;32;21;27;;
934;10 January, 2012;5;6;7;8;37;39;44;33;40;;
933;3 January, 2012;1;22;31;34;35;39;42;6;43;;
932;27 December, 2011;6;9;12;18;20;35;38;13;41;;
931;20 December, 2011;7;8;9;21;29;36;40;10;32;;
930;13 December, 2011;11;18;21;25;29;42;45;23;40;;
929;6 December, 2011;2;8;12;24;29;30;33;11;17;;
928;29 November, 2011;5;6;9;12;15;33;34;1;4;;
927;22 November, 2011;5;10;11;16;21;25;37;12;39;;
926;15 November, 2011;6;7;8;9;20;22;28;29;39;;
925;8 November, 2011;1;3;6;15;18;21;34;12;28;;
924;1 November, 2011;5;12;17;23;25;31;44;13;19;;
923;25 October, 2011;3;16;29;33;34;35;36;14;31;;
922;18 October, 2011;6;10;15;16;36;43;45;9;44;;
921;11 October, 2011;6;8;12;25;32;39;44;10;41;;
920;4 October, 2011;1;2;9;19;25;36;42;5;6;;
919;27 September, 2011;15;21;23;26;32;34;40;22;37;;
918;20 September, 2011;1;4;17;19;22;27;29;8;28;;
917;13 September, 2011;6;18;20;24;31;37;38;8;21;;
916;6 September, 2011;2;5;16;20;27;40;44;22;31;;
915;30 August, 2011;4;8;16;22;28;34;41;13;20;;
914;23 August, 2011;7;9;12;18;26;27;39;8;30;;
913;16 August, 2011;5;18;22;24;25;39;41;6;16;;
912;9 August, 2011;6;14;26;27;29;33;39;23;30;;
911;2 August, 2011;2;4;20;25;27;29;42;17;32;;
910;26 July, 2011;10;21;23;27;35;41;45;37;39;;
909;19 July, 2011;5;8;9;20;24;27;34;7;23;;
908;12 July, 2011;7;8;16;21;24;27;35;5;33;;
907;5 July, 2011;6;20;28;29;33;34;40;8;21;;
906;28 June, 2011;3;16;20;23;27;28;35;17;33;;
905;21 June, 2011;15;16;17;19;31;37;42;39;44;;
904;14 June, 2011;1;3;4;13;15;21;26;14;27;;
903;7 June, 2011;7;8;9;15;17;28;41;6;25;;
902;31 May, 2011;4;25;33;36;41;43;45;19;21;;
901;24 May, 2011;7;9;15;21;24;25;40;3;38;;
900;17 May, 2011;10;11;14;26;29;33;39;21;42;;
899;10 May, 2011;12;15;17;30;34;35;37;4;5;;
898;3 May, 2011;10;19;34;36;40;42;45;7;8;;
897;26 April, 2011;22;25;29;36;41;42;44;16;21;;
896;19 April, 2011;9;11;19;20;35;43;45;27;37;;
895;12 April, 2011;5;9;13;18;29;40;41;14;19;;
894;5 April, 2011;18;21;24;40;42;43;45;10;44;;
893;29 March, 2011;3;17;24;25;27;34;41;43;45;;
892;22 March, 2011;10;13;15;16;37;39;44;24;40;;
891;15 March, 2011;8;15;16;25;26;28;41;24;35;;
890;8 March, 2011;7;13;16;20;28;29;36;6;45;;
889;1 March, 2011;8;12;14;16;20;33;38;41;43;;
888;22 February, 2011;2;5;16;18;26;28;39;15;31;;
887;15 February, 2011;7;11;20;29;32;37;41;9;33;;
886;8 February, 2011;14;15;18;23;26;30;41;5;43;;
885;1 February, 2011;11;23;27;33;34;37;38;4;14;;
884;25 January, 2011;5;16;17;28;30;34;41;9;26;;
883;18 January, 2011;2;4;14;19;21;36;38;8;35;;
882;11 January, 2011;9;12;17;27;28;33;34;14;20;;
881;4 January, 2011;3;4;24;33;39;40;45;13;20;;
880;28 December, 2010;6;14;22;35;36;37;43;10;20;;
879;21 December, 2010;7;8;13;26;35;38;42;2;16;;
878;14 December, 2010;5;12;22;28;33;34;38;13;40;;
877;7 December, 2010;1;19;23;25;27;36;40;7;24;;
876;30 November, 2010;7;8;20;22;25;26;39;38;40;;
875;23 November, 2010;2;5;7;20;22;43;45;14;24;;
874;16 November, 2010;12;26;28;33;36;38;43;11;14;;
873;9 November, 2010;4;10;25;27;35;36;39;6;16;;
872;2 November, 2010;11;14;23;30;32;38;43;12;19;;
871;26 October, 2010;6;8;20;32;36;40;44;1;28;;
870;19 October, 2010;8;13;19;27;35;38;45;23;44;;
869;12 October, 2010;1;4;7;22;37;38;40;9;42;;
868;5 October, 2010;3;8;23;26;27;29;41;1;13;;
867;28 September, 2010;6;15;25;26;32;33;40;14;42;;
866;21 September, 2010;8;9;16;35;38;39;44;17;40;;
865;14 September, 2010;18;23;24;25;29;34;41;37;38;;
864;7 September, 2010;3;8;27;28;34;40;44;6;23;;
863;31 August, 2010;8;13;16;23;30;33;40;3;24;;
862;24 August, 2010;2;4;12;17;19;33;44;5;20;;
861;17 August, 2010;2;3;15;17;23;30;44;5;14;;
860;10 August, 2010;11;16;21;22;25;28;41;14;39;;
859;3 August, 2010;3;15;19;27;31;40;41;28;45;;
858;27 July, 2010;1;8;12;19;26;30;40;6;28;;
857;20 July, 2010;3;5;6;7;13;23;34;2;19;;
856;13 July, 2010;6;13;16;23;27;31;39;1;45;;
855;6 July, 2010;9;19;29;30;34;40;45;6;33;;
854;29 June, 2010;1;17;21;22;31;34;45;7;40;;
853;22 June, 2010;2;3;6;14;23;29;41;10;35;;
852;15 June, 2010;8;10;15;18;29;32;38;3;39;;
851;8 June, 2010;5;15;21;26;35;40;43;12;37;;
850;1 June, 2010;6;14;15;16;18;30;40;20;23;;
849;25 May, 2010;15;24;25;28;36;37;44;7;26;;
848;18 May, 2010;13;18;22;27;33;38;42;29;40;;
847;11 May, 2010;7;10;13;15;18;27;45;3;29;;
846;4 May, 2010;5;14;16;18;19;20;28;34;36;;
845;27 April, 2010;3;4;6;12;18;22;42;35;37;;
844;20 April, 2010;1;9;11;17;30;39;44;13;15;;
843;13 April, 2010;17;19;20;21;22;23;33;26;32;;
842;6 April, 2010;2;11;15;36;39;41;43;25;42;;114,325
841;30 March, 2010;2;25;28;29;35;39;40;14;31;;
840;23 March, 2010;6;9;14;23;26;30;44;24;40;;
839;16 March, 2010;2;3;13;27;31;37;38;12;36;;
838;9 March, 2010;8;25;39;42;43;44;45;5;26;;
837;2 March, 2010;1;2;19;24;26;37;43;18;31;;134,781
836;23 February, 2010;2;8;14;17;22;34;35;10;23;;
835;16 February, 2010;1;19;20;21;26;37;44;4;39;;
834;9 February, 2010;5;18;23;24;28;42;44;15;32;;
833;2 February, 2010;19;22;28;29;32;34;38;5;17;;
832;26 January, 2010;17;21;32;37;38;40;44;1;36;;
831;19 January, 2010;7;18;20;33;37;38;40;14;30;;
830;12 January, 2010;14;18;23;31;33;37;40;22;42;;
829;5 January, 2010;3;6;10;11;26;35;39;25;32;;
828;29 December, 2009;6;12;13;22;27;28;33;16;23;;
827;22 December, 2009;1;2;20;35;36;44;45;6;26;;
826;15 December, 2009;7;12;22;28;29;32;37;34;36;;
825;8 December, 2009;7;11;29;34;35;42;45;3;4;;
824;1 December, 2009;2;8;10;18;24;27;28;25;36;;
823;24 November, 2009;7;22;23;24;31;36;39;9;34;;
822;17 November, 2009;4;6;25;27;31;33;34;19;41;;
821;10 November, 2009;1;16;24;25;31;35;36;21;28;;
820;3 November, 2009;2;4;6;7;15;17;36;9;25;;
819;27 October, 2009;4;7;20;25;42;43;45;27;37;;
818;20 October, 2009;6;24;25;27;32;36;38;23;26;;
817;13 October, 2009;10;14;26;27;30;39;44;7;15;;
816;6 October, 2009;5;12;17;22;28;34;45;18;27;;
815;29 September, 2009;7;12;25;27;28;35;36;24;37;;
814;22 September, 2009;7;18;19;20;21;24;26;23;44;;
813;15 September, 2009;7;13;15;19;27;35;43;6;36;;
812;8 September, 2009;2;3;7;20;21;24;35;1;19;;
811;1 September, 2009;9;16;28;29;37;42;45;33;44;;
810;25 August, 2009;5;11;16;17;24;39;41;22;30;;
809;18 August, 2009;16;19;20;24;34;36;41;28;44;;
808;11 August, 2009;6;8;17;29;40;41;43;4;9;;
807;4 August, 2009;2;11;13;22;25;39;42;12;41;;
806;28 July, 2009;3;6;10;11;15;35;43;13;29;;
805;21 July, 2009;1;4;7;12;16;34;44;6;43;;
804;14 July, 2009;2;8;9;19;27;33;34;18;40;;
803;7 July, 2009;1;8;26;31;34;35;44;19;42;;
802;30 June, 2009;3;12;21;23;29;38;40;22;43;;
801;23 June, 2009;9;15;18;21;23;31;40;3;19;;
800;16 June, 2009;1;7;22;24;29;32;41;17;36;;
799;9 June, 2009;3;19;28;30;34;40;44;16;27;;
798;2 June, 2009;3;20;22;32;33;43;45;6;34;;
797;26 May, 2009;5;18;19;20;41;43;44;39;40;;
796;19 May, 2009;11;12;17;18;21;22;25;28;35;;
795;12 May, 2009;2;7;25;28;32;35;40;16;21;;
794;5 May, 2009;6;10;12;20;24;31;42;11;26;;
793;28 April, 2009;1;13;21;24;25;36;43;6;33;;
792;21 April, 2009;16;18;20;21;22;32;43;9;40;;
791;14 April, 2009;1;5;11;20;27;28;33;34;38;;
790;7 April, 2009;7;12;13;21;26;35;41;6;25;;
789;31 March, 2009;5;8;13;15;35;41;44;3;17;;
788;24 March, 2009;4;16;17;27;33;35;37;10;20;;
787;17 March, 2009;6;16;23;25;27;32;37;26;40;;
786;10 March, 2009;13;14;16;24;28;29;38;9;26;;
785;3 March, 2009;3;8;11;26;29;33;35;6;12;;
784;24 February, 2009;2;13;28;30;34;41;45;3;9;;
783;17 February, 2009;2;4;20;23;30;41;45;6;35;;
782;10 February, 2009;1;5;16;18;23;29;44;33;38;;
781;3 February, 2009;5;7;8;17;24;32;35;12;42;;
780;27 January, 2009;3;21;24;28;31;34;45;12;42;;
779;20 January, 2009;8;15;23;27;35;37;45;16;22;;
778;13 January, 2009;1;3;16;38;40;41;43;9;33;;
777;6 January, 2009;5;10;27;30;32;37;45;35;44;;
776;30 December, 2008;4;9;10;17;19;21;28;2;12;;
775;23 December, 2008;5;28;31;33;35;39;45;9;32;;
774;16 December, 2008;2;18;20;27;30;31;40;11;35;;
773;9 December, 2008;1;7;12;17;24;26;34;13;33;;
772;2 December, 2008;7;9;12;18;30;36;40;11;39;;
771;25 November, 2008;5;14;19;27;29;30;35;20;37;;
770;18 November, 2008;2;5;11;19;28;30;37;13;14;;
769;11 November, 2008;2;5;12;15;19;34;43;3;32;;
768;4 November, 2008;5;21;23;29;34;35;42;4;13;;
767;28 October, 2008;2;11;12;16;20;27;37;5;29;;
766;21 October, 2008;1;11;13;21;27;43;45;23;35;;
765;14 October, 2008;2;6;11;17;22;26;45;20;24;;
764;7 October, 2008;8;10;14;15;17;39;40;11;22;;
763;30 September, 2008;1;6;12;15;29;36;42;10;26;;
762;23 September, 2008;1;9;19;34;37;43;45;25;28;;
761;16 September, 2008;1;3;19;22;24;26;44;41;45;;
760;9 September, 2008;15;28;31;36;39;41;42;8;9;;
759;2 September, 2008;10;15;17;25;28;31;39;19;30;;
758;26 August, 2008;13;23;25;27;37;43;45;18;44;;
757;19 August, 2008;5;9;10;17;25;42;43;4;11;;
756;12 August, 2008;7;19;25;27;30;42;45;13;24;;
755;5 August, 2008;11;17;29;33;34;44;45;7;40;;
754;29 July, 2008;8;11;18;20;31;35;37;21;42;;
753;22 July, 2008;3;5;16;17;33;40;44;7;31;;
752;15 July, 2008;1;4;5;12;15;28;44;2;38;;
751;8 July, 2008;4;10;18;22;30;31;35;3;45;;
750;1 July, 2008;14;20;24;28;35;38;43;8;21;;
749;24 June, 2008;9;14;16;30;31;39;45;22;41;;
748;17 June, 2008;7;10;25;27;34;35;40;8;42;;
747;10 June, 2008;7;14;15;29;34;35;40;3;38;;
746;3 June, 2008;3;7;16;17;28;33;39;10;43;;
745;27 May, 2008;8;10;14;16;25;26;28;33;44;;
744;20 May, 2008;1;3;4;11;27;30;31;10;23;;
743;13 May, 2008;13;16;17;24;25;27;32;5;20;;
742;6 May, 2008;7;8;17;18;22;29;40;11;43;;
741;29 April, 2008;2;6;11;13;16;23;40;3;15;;
740;22 April, 2008;17;19;27;28;33;34;35;10;36;;
739;15 April, 2008;6;12;14;24;30;33;34;32;35;;
738;8 April, 2008;5;9;13;14;16;30;38;12;39;;
737;1 April, 2008;3;13;14;15;18;28;40;12;42;;
736;25 March, 2008;17;24;25;26;28;33;42;40;44;;
735;18 March, 2008;7;11;15;25;38;39;45;26;32;;
734;11 March, 2008;2;5;19;23;35;36;37;21;43;;
733;4 March, 2008;4;6;13;15;16;32;33;7;24;;
732;26 February, 2008;5;6;11;16;17;25;44;7;15;;
731;19 February, 2008;3;11;19;21;23;24;33;29;42;;
730;12 February, 2008;3;5;13;21;28;29;41;38;42;;
729;5 February, 2008;2;4;5;10;12;25;29;15;39;;
728;29 January, 2008;2;7;20;30;32;33;39;9;13;;
727;22 January, 2008;15;19;21;22;26;39;45;18;37;;
726;15 January, 2008;5;7;13;14;16;18;38;23;26;;
725;8 January, 2008;10;11;12;14;21;29;31;26;33;;
724;1 January, 2008;5;10;13;17;18;21;37;27;43;;
723;25 December, 2007;8;9;26;32;34;37;39;21;31;;
722;18 December, 2007;9;22;23;28;29;42;45;3;39;;
721;11 December, 2007;9;15;20;26;36;38;44;28;34;;
720;4 December, 2007;8;13;18;28;29;35;39;3;27;;
719;27 November, 2007;6;9;12;21;23;32;42;13;28;;
718;20 November, 2007;3;8;15;19;20;31;40;5;23;;
717;13 November, 2007;2;3;18;30;35;36;39;10;13;;
716;6 November, 2007;14;18;30;31;37;40;42;7;25;;
715;30 October, 2007;10;12;17;18;22;27;29;31;35;;
714;23 October, 2007;1;6;12;27;29;33;38;21;42;;
713;16 October, 2007;2;3;4;6;31;32;37;16;35;;
712;9 October, 2007;4;9;16;34;38;41;44;3;35;;
711;2 October, 2007;13;20;26;32;35;38;43;7;25;;
710;25 September, 2007;2;4;8;10;22;32;39;18;34;;
709;18 September, 2007;11;19;23;28;32;36;39;16;31;;
708;11 September, 2007;7;14;25;27;36;37;42;13;20;;
707;4 September, 2007;2;10;11;26;30;34;40;14;19;;
706;28 August, 2007;9;16;18;22;28;31;43;32;40;;
705;21 August, 2007;12;13;17;24;26;27;37;6;7;;
704;14 August, 2007;1;2;8;18;19;21;28;26;31;;
703;7 August, 2007;1;4;14;15;26;27;33;5;28;;
702;31 July, 2007;3;5;9;11;15;16;33;31;36;;
701;24 July, 2007;6;11;14;17;23;38;45;25;33;;
700;17 July, 2007;11;13;16;29;37;41;42;20;25;;
699;10 July, 2007;3;15;24;29;32;37;45;9;27;;
698;3 July, 2007;12;15;20;26;40;41;42;3;5;;
697;26 June, 2007;10;27;30;34;35;40;43;25;44;;
696;19 June, 2007;1;8;12;17;25;43;45;6;27;;
695;12 June, 2007;1;2;3;25;26;35;36;8;37;;
694;5 June, 2007;6;11;14;25;34;39;44;13;15;;
693;29 May, 2007;6;14;15;16;35;37;44;4;26;;
692;22 May, 2007;5;7;8;15;20;32;41;36;42;;
691;15 May, 2007;1;6;14;23;31;32;41;21;38;;
690;8 May, 2007;9;11;22;24;28;33;34;19;20;;
689;1 May, 2007;8;20;23;27;32;41;45;21;28;;
688;24 April, 2007;1;2;13;18;20;33;44;29;31;;
687;17 April, 2007;4;5;7;17;40;42;45;2;29;;
686;10 April, 2007;4;5;17;25;34;39;43;22;23;;
685;3 April, 2007;4;12;26;31;33;35;44;1;14;;
684;27 March, 2007;4;7;13;25;31;38;43;35;40;;
683;20 March, 2007;10;14;17;24;30;34;37;26;40;;
682;13 March, 2007;3;10;13;32;39;40;41;12;27;;
681;6 March, 2007;1;2;4;17;33;35;39;6;45;;
680;27 February, 2007;3;5;25;26;27;38;43;42;45;;
679;20 February, 2007;3;6;9;11;22;38;44;18;30;;
678;13 February, 2007;18;19;28;29;33;37;39;4;32;;
677;6 February, 2007;3;14;19;28;36;40;43;12;27;;
676;30 January, 2007;1;2;6;18;19;25;37;26;45;;
675;23 January, 2007;8;18;19;23;28;29;38;24;27;;
674;16 January, 2007;1;2;21;26;32;34;40;30;35;;
673;9 January, 2007;2;16;20;22;29;33;44;8;13;;
672;2 January, 2007;13;24;26;31;35;42;45;5;32;;
671;26 December, 2006;17;23;27;32;35;36;39;41;44;;
670;19 December, 2006;7;10;12;19;24;27;38;18;26;;
669;12 December, 2006;6;10;18;20;27;33;37;17;25;;
668;5 December, 2006;4;6;13;23;32;34;39;15;22;;
667;28 November, 2006;7;8;14;16;23;24;41;21;26;;
666;21 November, 2006;6;11;12;24;29;36;39;20;35;;
665;14 November, 2006;2;4;9;18;29;36;43;1;20;;
664;7 November, 2006;6;7;9;16;30;31;38;34;44;;
663;31 October, 2006;3;6;21;25;33;37;43;4;29;;
662;24 October, 2006;3;5;9;14;31;32;41;16;43;;
661;17 October, 2006;11;22;32;33;37;42;45;24;41;;
660;10 October, 2006;2;8;17;21;25;31;38;3;12;;
659;3 October, 2006;8;18;23;24;33;34;43;25;32;;
658;26 September, 2006;3;6;33;36;37;38;44;15;41;;
657;19 September, 2006;2;3;5;15;21;34;43;11;17;;
656;12 September, 2006;2;6;9;28;30;32;37;10;12;;
655;5 September, 2006;15;17;20;22;23;39;45;8;12;;
654;29 August, 2006;11;14;15;38;39;42;43;40;44;;
653;22 August, 2006;17;19;22;39;41;43;44;23;29;;
652;15 August, 2006;12;16;17;25;38;40;41;13;30;;
651;8 August, 2006;4;20;24;27;29;31;35;16;25;;
650;1 August, 2006;8;12;26;34;38;42;44;37;40;;
649;25 July, 2006;5;13;16;27;33;37;45;18;41;;
648;18 July, 2006;2;3;16;34;36;42;45;37;38;;
647;11 July, 2006;2;8;10;28;36;42;43;13;40;;
646;4 July, 2006;13;16;23;27;35;37;44;8;17;;
645;27 June, 2006;8;16;22;26;29;32;43;7;27;;
644;20 June, 2006;2;11;13;19;25;40;43;1;4;;
643;13 June, 2006;3;11;12;14;17;28;40;1;8;;
642;6 June, 2006;16;20;23;26;29;33;35;7;11;;
641;30 May, 2006;1;2;20;24;26;33;43;29;30;;
640;23 May, 2006;2;17;23;27;32;34;40;3;25;;
639;16 May, 2006;3;9;12;15;17;23;29;19;22;;
638;9 May, 2006;4;12;26;35;37;39;44;6;41;;
637;2 May, 2006;13;24;25;30;31;41;44;19;35;;
636;25 April, 2006;1;2;5;9;24;26;33;13;40;;
635;18 April, 2006;4;8;10;16;19;22;25;15;20;;
634;11 April, 2006;1;6;8;9;10;19;29;3;14;;
633;4 April, 2006;19;20;22;27;32;38;45;15;39;;
632;28 March, 2006;4;6;15;20;23;25;28;1;8;;
631;21 March, 2006;13;21;22;23;27;32;39;10;35;;
630;14 March, 2006;3;4;14;19;20;33;45;12;34;;
629;7 March, 2006;1;7;8;9;20;43;45;24;30;;
628;28 February, 2006;2;3;5;18;21;25;34;17;32;;
627;21 February, 2006;6;17;25;27;33;41;45;1;9;;
626;14 February, 2006;1;3;5;11;13;21;35;37;44;;
625;7 February, 2006;4;5;23;26;28;30;32;11;21;;
624;31 January, 2006;2;3;8;14;17;20;21;7;38;;
623;24 January, 2006;3;8;20;22;23;37;41;21;28;;
622;17 January, 2006;16;23;25;27;28;37;44;19;22;;
621;10 January, 2006;2;4;11;26;36;38;41;19;20;;
620;3 January, 2006;1;6;12;22;29;40;44;4;34;;
619;27 December, 2005;2;12;17;31;35;39;40;13;33;;
618;20 December, 2005;5;9;14;18;19;23;29;8;37;;
617;13 December, 2005;4;10;15;17;26;30;41;9;29;;
616;6 December, 2005;3;6;26;28;32;33;41;1;40;;
615;29 November, 2005;4;23;26;31;35;39;41;11;13;;
614;22 November, 2005;1;4;5;23;29;33;45;39;40;;
613;15 November, 2005;7;10;13;17;30;32;41;14;20;;
612;8 November, 2005;12;18;22;28;33;43;45;13;23;;
611;1 November, 2005;1;3;11;17;24;34;43;4;39;;
610;25 October, 2005;7;16;23;29;36;39;42;19;43;;
609;18 October, 2005;5;9;12;30;33;39;45;7;19;;
608;11 October, 2005;15;22;26;27;42;44;33;35;;;
607;4 October, 2005;4;7;11;16;19;41;20;44;;;
606;27 September, 2005;15;19;23;28;30;40;22;37;;;
605;20 September, 2005;6;19;21;22;25;31;5;35;;;
604;13 September, 2005;1;4;6;20;22;39;30;45;;;
603;6 September, 2005;2;4;18;20;25;26;14;33;;;
602;30 August, 2005;3;13;29;35;40;42;36;37;;;
601;23 August, 2005;2;6;9;29;40;44;8;23;;;
600;16 August, 2005;1;11;17;19;23;34;18;25;;;
599;9 August, 2005;3;18;27;37;40;44;10;35;;;
598;2 August, 2005;3;14;23;28;32;36;5;40;;;
597;26 July, 2005;9;28;31;36;40;41;4;17;;;
596;19 July, 2005;2;9;12;25;27;38;14;40;;;
595;12 July, 2005;15;20;31;39;41;42;4;26;;;
594;5 July, 2005;6;7;10;14;33;41;11;24;;;
593;28 June, 2005;7;11;15;16;32;33;3;45;;;
592;21 June, 2005;1;6;24;28;35;40;30;36;;;
591;14 June, 2005;7;10;13;30;33;38;23;26;;;
590;7 June, 2005;3;7;11;16;30;45;34;44;;;
589;31 May, 2005;2;7;20;22;26;27;39;41;;;
588;24 May, 2005;17;19;24;38;40;41;37;42;;;
587;17 May, 2005;10;17;21;30;34;38;20;26;;;
586;10 May, 2005;2;8;10;11;22;44;7;43;;;
585;3 May, 2005;3;7;23;29;37;43;5;27;;;
584;26 April, 2005;1;19;25;37;38;45;20;43;;;
583;19 April, 2005;2;15;16;20;27;35;31;43;;;
582;12 April, 2005;2;3;13;14;30;36;23;42;;;
581;5 April, 2005;1;6;15;23;37;41;33;36;;;
580;29 March, 2005;5;8;12;29;32;36;20;23;;;
579;22 March, 2005;6;13;17;22;32;39;30;37;;;
578;15 March, 2005;8;28;31;40;41;42;10;13;;;
577;8 March, 2005;4;5;7;25;34;38;6;30;;;
576;1 March, 2005;15;20;32;35;41;45;22;40;;;
575;22 February, 2005;7;21;25;27;30;41;15;33;;;
574;15 February, 2005;1;16;19;31;41;42;18;22;;;
573;8 February, 2005;13;21;23;29;37;38;4;26;;;
572;1 February, 2005;8;15;18;21;23;41;2;40;;;
571;25 January, 2005;4;8;25;28;40;41;14;43;;;
570;18 January, 2005;1;13;34;36;38;39;14;28;;;
569;11 January, 2005;14;23;27;34;35;36;29;39;;;
568;4 January, 2005;2;11;15;17;23;25;43;45;;;
567;28 December, 2004;12;14;29;32;34;43;13;22;;;
566;21 December, 2004;8;23;26;29;36;43;6;19;;;
565;14 December, 2004;9;11;14;25;31;38;28;39;;;
564;7 December, 2004;9;15;35;39;40;41;2;4;;;
563;30 November, 2004;3;17;20;33;35;40;43;44;;;
562;23 November, 2004;5;10;16;32;38;40;27;42;;;
561;16 November, 2004;1;3;12;24;29;36;33;39;;;
560;9 November, 2004;1;22;23;27;30;37;25;39;;;
559;2 November, 2004;4;16;29;32;39;44;26;35;;;
558;26 October, 2004;6;7;12;29;32;33;19;21;;;
557;19 October, 2004;4;8;9;15;20;26;14;31;;;
556;12 October, 2004;19;21;23;25;34;39;2;20;;;
555;5 October, 2004;14;15;25;27;36;44;31;35;;;
554;28 September, 2004;6;7;19;31;36;45;17;44;;;
553;21 September, 2004;12;13;19;27;39;43;17;24;;;
552;14 September, 2004;16;19;21;23;31;37;11;25;;;
551;7 September, 2004;9;21;28;30;35;38;12;32;;;
550;31 August, 2004;9;17;33;35;37;41;5;20;;;
549;24 August, 2004;4;13;19;34;35;45;6;18;;;
548;17 August, 2004;7;12;16;18;19;22;21;42;;;
547;10 August, 2004;3;8;14;32;40;42;36;45;;;
546;3 August, 2004;4;5;7;8;14;21;13;25;;;
545;27 July, 2004;13;27;29;40;41;42;6;12;;;
544;20 July, 2004;9;10;18;23;44;45;2;32;;;
543;13 July, 2004;13;23;28;34;38;44;10;35;;;
542;6 July, 2004;12;18;25;26;35;38;30;34;;;
541;29 June, 2004;2;6;7;10;44;45;28;36;;;
540;22 June, 2004;7;8;18;22;25;39;14;36;;;
539;15 June, 2004;6;11;28;32;34;41;33;42;;;
538;8 June, 2004;2;7;13;18;30;35;14;24;;;
537;1 June, 2004;12;16;26;27;34;36;9;32;;;
536;25 May, 2004;13;19;24;32;37;38;17;30;;;
535;18 May, 2004;15;17;21;29;36;45;19;40;;;
534;11 May, 2004;5;17;36;40;43;45;3;26;;;
533;4 May, 2004;7;11;12;20;25;32;26;33;;;
532;27 April, 2004;4;13;21;22;38;45;11;26;;;
531;20 April, 2004;5;12;14;23;36;39;16;22;;;
530;13 April, 2004;11;14;15;18;27;30;6;39;;;
529;6 April, 2004;11;15;19;23;37;41;1;8;;;
528;30 March, 2004;4;13;21;33;42;43;14;19;;;
527;23 March, 2004;4;8;12;13;29;44;19;23;;;
526;16 March, 2004;10;17;18;27;28;40;5;29;;;
525;9 March, 2004;8;11;14;23;29;44;2;42;;;
524;2 March, 2004;1;3;9;22;31;42;4;10;;;
523;24 February, 2004;10;11;23;24;26;39;13;28;;;
522;17 February, 2004;4;34;36;37;40;44;1;35;;;
521;10 February, 2004;10;19;29;37;41;43;11;26;;;
520;3 February, 2004;7;12;22;26;32;37;24;33;;;
519;27 January, 2004;7;16;21;25;26;38;24;43;;;
518;20 January, 2004;3;12;13;23;29;30;18;37;;;
517;13 January, 2004;2;5;25;29;36;42;8;11;;;
516;6 January, 2004;10;17;25;38;43;45;9;30;;;
515;30 December, 2003;20;25;28;35;39;44;16;33;;;
514;23 December, 2003;1;7;15;30;40;43;28;34;;;
513;16 December, 2003;1;12;14;20;22;32;42;45;;;
512;9 December, 2003;10;14;15;29;31;45;12;35;;;
511;2 December, 2003;16;25;28;32;34;36;4;44;;;
510;25 November, 2003;6;12;16;17;32;35;4;40;;;
509;18 November, 2003;7;15;16;33;38;43;28;32;;;
508;11 November, 2003;12;22;36;40;44;45;14;29;;;
507;4 November, 2003;14;21;22;33;42;43;40;44;;;
506;28 October, 2003;6;18;31;32;34;40;15;25;;;
505;21 October, 2003;1;9;11;20;29;43;28;30;;;
504;14 October, 2003;15;16;23;27;29;34;1;40;;;
503;7 October, 2003;4;12;17;24;36;44;10;16;;;
502;30 September, 2003;9;23;24;36;43;45;25;37;;;
501;23 September, 2003;7;16;27;29;43;44;4;38;;;
500;16 September, 2003;6;10;26;27;29;41;34;39;;;
499;9 September, 2003;1;14;20;31;39;44;17;36;;;
498;2 September, 2003;12;22;30;32;40;42;31;45;;;
497;26 August, 2003;3;16;22;27;35;43;20;41;;;
496;19 August, 2003;15;19;27;37;39;44;16;32;;;
495;12 August, 2003;10;12;23;27;28;29;5;17;;;
494;5 August, 2003;10;12;25;27;36;40;20;42;;;
493;29 July, 2003;15;23;33;34;36;40;6;32;;;
492;22 July, 2003;21;25;35;38;39;41;12;30;;;
491;15 July, 2003;6;15;31;38;43;45;10;21;;;
490;8 July, 2003;1;8;17;19;25;27;33;42;;;
489;1 July, 2003;4;11;14;27;38;42;23;43;;;
488;24 June, 2003;2;22;25;29;32;37;4;20;;;
487;17 June, 2003;3;4;12;16;32;35;23;42;;;
486;10 June, 2003;1;2;7;10;16;37;19;27;;;
485;3 June, 2003;7;12;13;16;22;40;5;26;;;
484;27 May, 2003;12;18;20;21;24;28;32;36;;;
483;20 May, 2003;10;11;19;20;22;45;9;32;;;
482;13 May, 2003;4;23;35;36;40;43;19;39;;;
481;6 May, 2003;7;17;21;23;32;37;13;16;;;
480;29 April, 2003;2;24;35;40;43;45;22;31;;;
479;22 April, 2003;2;7;8;17;30;39;24;38;;;
478;15 April, 2003;8;20;32;34;38;40;5;39;;;
477;8 April, 2003;5;9;20;33;36;40;14;15;;;
476;1 April, 2003;11;20;21;24;26;37;13;30;;;
475;25 March, 2003;7;20;21;31;32;40;22;30;;;
474;18 March, 2003;5;13;14;16;22;28;4;10;;;
473;11 March, 2003;2;20;21;36;37;44;1;29;;;
472;4 March, 2003;1;9;15;17;24;26;4;44;;;
471;25 February, 2003;7;10;30;31;42;44;8;29;;;
470;18 February, 2003;8;15;27;38;39;45;5;32;;;
469;11 February, 2003;3;4;8;9;11;45;23;26;;;
468;4 February, 2003;6;12;21;24;36;42;17;23;;;
467;28 January, 2003;4;14;16;22;29;34;23;32;;;
466;21 January, 2003;1;2;3;11;32;42;13;28;;;
465;14 January, 2003;27;29;35;36;40;41;32;45;;;
464;7 January, 2003;3;22;29;33;40;44;26;34;;;
463;31 December, 2002;5;9;10;19;27;33;30;37;;;
462;24 December, 2002;2;5;13;29;40;42;28;39;;;
461;17 December, 2002;4;14;26;34;37;39;3;38;;;
460;10 December, 2002;4;10;17;22;34;40;6;43;;;
459;3 December, 2002;8;9;29;30;32;35;1;33;;;
458;26 November, 2002;1;12;18;31;32;38;11;35;;;
457;19 November, 2002;3;16;17;22;35;39;13;43;;;
456;12 November, 2002;11;12;16;26;27;34;9;33;;;
455;5 November, 2002;5;9;28;33;39;43;3;24;;;
454;29 October, 2002;3;11;16;17;21;34;6;10;;;
453;22 October, 2002;13;15;24;29;37;45;14;19;;;
452;15 October, 2002;25;27;33;35;39;43;6;45;;;
451;8 October, 2002;1;10;13;20;28;33;24;35;;;
450;1 October, 2002;3;13;17;27;36;39;15;20;;;
449;24 September, 2002;16;17;32;33;37;42;6;29;;;
448;17 September, 2002;3;5;11;22;24;44;29;37;;;
447;10 September, 2002;1;3;4;16;19;38;2;15;;;
446;3 September, 2002;4;28;33;35;37;40;15;41;;;
445;27 August, 2002;11;14;18;27;29;36;20;21;;;
444;20 August, 2002;14;24;25;30;32;35;2;26;;;
443;13 August, 2002;2;4;27;38;43;45;12;44;;;
442;6 August, 2002;3;12;14;20;26;39;11;24;;;
441;30 July, 2002;12;20;26;27;34;36;7;16;;;
440;23 July, 2002;6;10;27;30;40;42;24;44;;;
439;16 July, 2002;12;13;19;28;37;38;9;27;;;
438;9 July, 2002;8;20;29;38;39;43;13;16;;;
437;2 July, 2002;2;4;10;11;42;43;25;27;;;
436;25 June, 2002;1;16;27;29;33;38;21;28;;;
435;18 June, 2002;2;3;11;16;22;27;12;43;;;
434;11 June, 2002;7;11;17;23;26;35;33;39;;;
433;4 June, 2002;15;18;20;27;28;43;3;26;;;
432;28 May, 2002;2;10;11;18;34;45;27;29;;;
431;21 May, 2002;4;6;26;27;28;29;14;16;;;
430;14 May, 2002;1;6;17;23;41;43;30;33;;;
429;7 May, 2002;14;22;25;29;40;45;13;18;;;
428;30 April, 2002;1;14;21;27;32;39;4;42;;;
427;23 April, 2002;6;7;13;21;25;45;10;40;;;
426;16 April, 2002;4;5;11;13;33;39;28;32;;;
425;9 April, 2002;1;5;18;26;27;29;22;36;;;
424;2 April, 2002;7;9;12;17;19;44;6;35;;;
423;26 March, 2002;2;5;9;10;22;34;1;14;;;
422;19 March, 2002;3;14;18;34;38;44;13;32;;;
421;12 March, 2002;15;29;31;37;43;44;6;21;;;
420;5 March, 2002;3;12;36;37;40;41;23;39;;;
419;26 February, 2002;6;21;22;29;36;42;16;45;;;
418;19 February, 2002;7;11;15;23;38;39;9;28;;;
417;12 February, 2002;1;20;24;28;33;38;22;32;;;
416;5 February, 2002;2;17;22;28;32;43;11;29;;;
415;29 January, 2002;2;7;34;41;42;45;10;33;;;
414;22 January, 2002;3;8;9;11;18;41;10;44;;;
413;15 January, 2002;9;20;21;27;32;37;13;23;;;
412;8 January, 2002;6;17;32;34;35;41;9;13;;;
411;1 January, 2002;6;13;18;31;32;36;22;42;;;
410;25 December, 2001;1;5;8;36;40;41;6;11;;;
409;18 December, 2001;2;7;16;25;41;43;21;38;;;
408;11 December, 2001;25;26;31;40;41;43;7;23;;;
407;4 December, 2001;10;11;13;16;23;43;7;32;;;
406;27 November, 2001;8;14;19;20;35;43;17;25;;;
405;20 November, 2001;4;7;12;17;34;35;29;40;;;
404;13 November, 2001;1;4;7;10;24;36;25;39;;;
403;6 November, 2001;3;16;19;24;33;43;30;45;;;
402;30 October, 2001;2;6;7;17;25;30;28;37;;;
401;23 October, 2001;9;22;30;31;32;43;14;41;;;
400;16 October, 2001;3;12;13;18;32;38;25;31;;;
399;9 October, 2001;7;14;21;38;43;44;4;39;;;
398;2 October, 2001;19;20;25;33;39;44;24;29;;;
397;25 September, 2001;6;17;20;21;33;35;36;43;;;
396;18 September, 2001;3;4;6;16;21;42;15;26;;;
395;11 September, 2001;3;5;18;22;39;43;9;11;;;
394;4 September, 2001;1;3;7;31;35;36;14;22;;;
393;28 August, 2001;2;31;36;38;44;45;18;42;;;
392;21 August, 2001;14;15;23;24;44;45;1;31;;;
391;14 August, 2001;8;14;17;18;37;38;12;30;;;
390;7 August, 2001;4;23;26;29;30;43;38;45;;;
389;31 July, 2001;5;12;19;21;31;35;42;44;;;
388;24 July, 2001;2;11;24;34;38;40;4;14;;;
387;17 July, 2001;11;31;38;40;41;43;7;44;;;
386;10 July, 2001;1;6;9;15;18;27;10;43;;;
385;3 July, 2001;6;12;31;35;36;43;23;40;;;
384;26 June, 2001;9;17;24;30;32;40;34;36;;;
383;19 June, 2001;9;17;22;30;35;45;12;19;;;
382;12 June, 2001;10;11;21;32;41;43;12;29;;;
381;5 June, 2001;5;25;29;34;36;37;15;26;;;
380;29 May, 2001;9;12;20;32;33;37;19;43;;;
379;22 May, 2001;20;24;25;31;37;42;6;10;;;
378;15 May, 2001;1;12;16;22;27;30;32;34;;;
377;8 May, 2001;1;6;10;18;20;24;2;27;;;
376;1 May, 2001;14;20;22;23;24;31;4;42;;;
375;24 April, 2001;8;14;31;33;34;42;15;23;;;
374;17 April, 2001;4;11;21;24;28;31;10;39;;;
373;10 April, 2001;8;9;15;16;18;41;2;25;;;
372;3 April, 2001;11;14;22;29;32;44;31;45;;;
371;27 March, 2001;4;21;33;37;41;44;28;38;;;
370;20 March, 2001;6;8;19;30;40;44;11;16;;;
369;13 March, 2001;16;20;23;26;34;37;28;45;;;
368;6 March, 2001;2;6;11;22;31;38;34;44;;;
367;27 February, 2001;5;12;14;20;24;43;31;35;;;
366;20 February, 2001;17;18;27;30;43;44;34;38;;;
365;13 February, 2001;22;25;28;29;34;42;5;27;;;
364;6 February, 2001;11;20;23;33;35;45;25;31;;;
363;30 January, 2001;5;14;23;30;37;39;10;13;;;
362;23 January, 2001;6;8;10;19;37;40;3;22;;;
361;16 January, 2001;7;10;15;24;36;44;8;33;;;
360;9 January, 2001;8;9;12;18;22;23;29;43;;;
359;2 January, 2001;1;17;19;23;24;38;15;25;;;
358;26 December, 2000;6;11;25;28;39;42;20;29;;;
357;19 December, 2000;3;5;12;35;39;44;17;40;;;
356;12 December, 2000;7;20;29;38;40;42;14;24;;;
355;5 December, 2000;7;8;19;29;40;44;13;22;;;
354;28 November, 2000;11;13;21;34;43;45;6;29;;;
353;21 November, 2000;10;19;24;27;29;30;18;20;;;
352;14 November, 2000;16;27;28;33;36;40;4;23;;;
351;7 November, 2000;7;13;28;31;33;37;39;45;;;
350;31 October, 2000;11;12;13;18;27;35;34;40;;;
349;24 October, 2000;3;6;8;14;16;29;5;11;;;
348;17 October, 2000;3;20;22;28;39;40;24;27;;;
347;10 October, 2000;3;5;13;24;29;36;44;45;;;
346;3 October, 2000;8;12;24;27;28;40;13;14;;;
345;26 September, 2000;7;15;20;24;25;41;19;34;;;
344;19 September, 2000;1;4;6;14;28;43;18;36;;;
343;12 September, 2000;9;14;21;24;42;44;6;26;;;
342;5 September, 2000;1;17;27;29;30;31;41;45;;;
341;29 August, 2000;3;18;27;28;31;37;16;41;;;
340;22 August, 2000;9;10;29;30;44;45;3;25;;;
339;15 August, 2000;6;12;15;19;25;39;5;17;;;
338;8 August, 2000;11;17;30;32;35;42;22;27;;;
337;1 August, 2000;23;27;28;35;39;40;17;42;;;
336;25 July, 2000;8;16;19;23;36;41;3;32;;;
335;18 July, 2000;2;4;10;24;33;38;25;39;;;
334;11 July, 2000;4;14;16;18;32;35;28;39;;;
333;4 July, 2000;10;20;21;38;40;41;25;43;;;
332;27 June, 2000;13;14;19;23;27;28;17;31;;;
331;20 June, 2000;13;19;23;25;35;39;34;43;;;
330;13 June, 2000;1;4;9;10;38;42;20;22;;;
329;6 June, 2000;6;27;39;41;42;43;11;38;;;
328;30 May, 2000;9;34;35;36;39;45;3;23;;;
327;23 May, 2000;7;19;32;41;43;45;18;26;;;
326;16 May, 2000;10;13;26;27;28;39;43;44;;;
325;9 May, 2000;16;25;29;31;41;45;1;33;;;
324;2 May, 2000;14;18;22;24;30;31;16;43;;;
323;25 April, 2000;8;16;24;25;37;39;32;34;;;
322;18 April, 2000;4;11;17;30;36;43;6;8;;;
321;11 April, 2000;11;17;31;37;39;43;1;44;;;
320;4 April, 2000;2;5;15;19;36;43;7;35;;;
319;28 March, 2000;2;5;16;19;27;36;37;44;;;
318;21 March, 2000;15;17;28;36;40;43;37;39;;;
317;14 March, 2000;29;32;35;38;41;44;8;14;;;
316;7 March, 2000;5;15;19;29;38;45;11;22;;;
315;29 February, 2000;11;12;20;32;37;41;38;42;;;
314;22 February, 2000;13;33;36;39;42;45;20;29;;;
313;15 February, 2000;1;7;22;32;33;37;4;20;;;
312;8 February, 2000;5;19;30;39;42;45;17;38;;;
311;1 February, 2000;2;10;15;25;42;45;19;39;;;
310;25 January, 2000;7;8;10;27;29;41;17;43;;;
309;18 January, 2000;18;27;35;36;39;40;4;13;;;
308;11 January, 2000;5;17;20;27;33;35;37;43;;;
307;4 January, 2000;3;7;13;14;41;42;34;38;;;
