Concurso;Data;Números Sorteados;Powerball;Total de Ganhadores
1549;22 January 2026;6, 9, 20, 21, 22, 30, 34;5;0
1548;15 January 2026;1, 2, 4, 24, 25, 27, 35;14;0
1547;8 January 2026;7, 15, 16, 17, 25, 26, 27;9;818.528
1546;1 January 2026;7, 9, 15, 18, 27, 29, 30;3;580.634
1545;25 December 2025;7, 11, 16, 17, 20, 23, 29;17;979,155
1544;18 December 2025;2, 15, 16, 19, 25, 31, 35;14;579,137
1543;11 December 2025;4, 5, 10, 12, 16, 23, 25;10;638,427
1542;4 December 2025;9, 11, 12, 15, 19, 23, 32;14;436,1
1541;27 November 2025;2, 9, 11, 17, 19, 24, 28;1;451,568
1540;20 November 2025;4, 11, 12, 13, 19, 27, 29;20;489,416
1539;13 November 2025;2, 6, 7, 8, 10, 15, 22;13;1,476,001
1538;6 November 2025;7, 11, 15, 16, 22, 33, 34;13;1,010,084
1537;30 October 2025;1, 13, 18, 19, 21, 30, 32;17;882,454
1536;23 October 2025;4, 8, 14, 19, 20, 24, 33;16;699,793
1535;16 October 2025;13, 14, 22, 27, 28, 29, 33;16;464,095
1534;9 October 2025;10, 11, 15, 20, 21, 24, 28;20;1,531,610
1533;2 October 2025;11, 14, 15, 23, 26, 28, 30;9;1,100,825
1532;25 September 2025;1, 5, 6, 8, 17, 19, 20;12;931,939
1531;18 September 2025;1, 12, 18, 24, 29, 32, 33;8;710,74
1530;11 September 2025;4, 18, 19, 21, 28, 32, 33;17;448,116
1529;4 September 2025;3, 9, 13, 22, 23, 28, 32;5;2,361,564
1528;28 August 2025;1, 4, 10, 14, 21, 30, 33;6;1,489,066
1527;21 August 2025;1, 4, 8, 12, 14, 16, 18;14;1,058,336
1526;14 August 2025;1, 5, 12, 14, 19, 32, 33;10;908,66
1525;7 August 2025;8, 11, 12, 14, 21, 30, 33;19;664,43
1524;31 July 2025;5, 12, 15, 16, 20, 22, 29;4;448,412
1523;24 July 2025;2, 4, 6, 19, 25, 31, 34;20;994,492
1522;17 July 2025;4, 18, 21, 22, 29, 33, 34;3;847,307
1521;10 July 2025;3, 5, 14, 23, 24, 31, 35;10;701,262
1520;3 July 2025;1, 7, 10, 18, 25, 32, 35;14;441,795
1519;26 June 2025;2, 17, 23, 28, 29, 30, 33;15;647,106
1518;19 June 2025;5, 14, 21, 23, 25, 32, 34;11;459,305
1517;12 June 2025;3, 10, 14, 16, 21, 28, 31;6;3,056,246
1516;5 June 2025;1, 6, 9, 12, 24, 30, 34;10;1,318,209
1515;29 May 2025;7, 10, 15, 21, 23, 26, 35;18;864,41
1514;22 May 2025;3, 8, 19, 21, 26, 28, 30;20;746,585
1513;15 May 2025;3, 7, 11, 19, 24, 32, 33;17;602,843
1512;8 May 2025;7, 14, 15, 32, 33, 34, 35;12;928,248
1511;1 May 2025;2, 9, 12, 15, 23, 27, 30;10;842,909
1510;24 April 2025;1, 13, 14, 18, 19, 21, 24;13;676,113
1509;17 April 2025;14, 17, 27, 30, 32, 34, 35;17;934,836
1508;10 April 2025;15, 19, 22, 23, 25, 32, 34;2;715,924
1507;3 April 2025;14, 15, 24, 26, 27, 33, 34;10;564,166
1506;27 March 2025;7, 9, 11, 13, 17, 21, 24;11;909,738
1505;20 March 2025;1, 2, 9, 16, 17, 18, 32;1;616,111
1504;13 March 2025;4, 5, 6, 7, 11, 19, 30;20;703,028
1503;6 March 2025;5, 6, 18, 21, 22, 23, 33;16;650,669
1502;27 February 2025;1, 7, 11, 22, 25, 26, 35;3;1,089,878
1501;20 February 2025;1, 3, 8, 14, 16, 24, 26;4;879,054
1500;13 February 2025;1, 10, 23, 26, 28, 31, 34;3;640,553
1499;6 February 2025;10, 19, 20, 23, 24, 31, 34;14;1,560,095
1498;30 January 2025;1, 2, 12, 13, 18, 19, 23;4;1,095,672
1497;23 January 2025;9, 11, 12, 17, 27, 29, 32;18;804,805
1496;16 January 2025;2, 6, 13, 14, 25, 30, 31;2;621,694
1495;9 January 2025;1, 2, 8, 11, 17, 19, 26;11;486,641
1494;2 January 2025;8, 9, 15, 18, 21, 22, 27;19;866,6
1493;26 December 2024;1, 3, 9, 18, 20, 28, 29;9;713,344
1492;19 December 2024;3, 9, 12, 16, 23, 29, 30;19;513,739
1491;12 December 2024;3, 9, 11, 14, 16, 19, 23;16;697,19
1490;5 December 2024;5, 6, 7, 11, 30, 32, 33;11;496,606
1489;28 November 2024;1, 4, 9, 10, 22, 26, 31;14;3,080,965
1488;21 November 2024;3, 11, 15, 19, 22, 30, 31;2;1,593,942
1487;14 November 2024;4, 5, 10, 11, 14, 19, 25;20;1,154,136
1486;7 November 2024;3, 15, 23, 26, 31, 32, 33;6;918,411
1485;31 October 2024;3, 9, 11, 14, 26, 34, 35;7;740,751
1484;24 October 2024;1, 5, 8, 9, 14, 22, 33;2;1,141,833
1483;17 October 2024;2, 6, 16, 21, 27, 30, 35;7;1,013,950
1482;10 October 2024;5, 7, 10, 11, 28, 33, 35;1;696,297
1481;3 October 2024;10, 11, 13, 15, 16, 18, 34;2;726,749
1480;26 September 2024;9, 10, 12, 15, 20, 29, 30;16;448,865
1479;19 September 2024;4, 7, 9, 10, 12, 24, 32;15;977,387
1478;12 September 2024;9, 12, 22, 24, 31, 32, 34;10;722,664
1477;5 September 2024;3, 7, 13, 18, 21, 25, 32;18;472,18
1476;29 August 2024;6, 9, 12, 15, 20, 21, 34;15;447,964
1475;22 August 2024;4, 10, 11, 16, 18, 23, 24;6;3,389,213
1474;15 August 2024;1, 8, 11, 12, 16, 18, 28;15;1,603,204
1473;8 August 2024;4, 7, 8, 20, 23, 29, 32;17;1,147,630
1472;1 August 2024;2, 6, 8, 10, 21, 27, 30;9;912,4
1471;25 July 2024;5, 6, 7, 8, 12, 16, 17;13;677,793
1470;18 July 2024;4, 6, 16, 18, 20, 28, 31;6;631,321
1469;11 July 2024;9, 12, 16, 17, 19, 20, 22;9;612,712
1468;4 July 2024;6, 8, 9, 12, 13, 21, 30;4;658,302
1467;27 June 2024;5, 8, 9, 12, 18, 33, 34;6;433,253
1466;20 June 2024;1, 11, 17, 20, 23, 30, 32;16;1,212,790
1465;13 June 2024;2, 6, 9, 17, 25, 26, 32;4;927,056
1464;6 June 2024;2, 3, 5, 14, 18, 20, 30;4;741,066
1463;30 May 2024;2, 3, 10, 20, 22, 33, 35;9;478,681
1462;23 May 2024;4, 6, 8, 18, 28, 29, 34;11;4,433,212
1461;16 May 2024;1, 2, 9, 12, 13, 14, 18;3;3,197,881
1460;9 May 2024;1, 3, 6, 12, 16, 18, 32;4;1,744,124
1459;2 May 2024;2, 4, 5, 7, 13, 23, 25;16;1,254,273
1458;25 April 2024;3, 17, 20, 28, 29, 32, 34;18;813,888
1457;18 April 2024;9, 18, 22, 23, 31, 34, 35;1;652,134
1456;11 April 2024;4, 6, 20, 21, 24, 25, 30;2;432,534
1455;4 April 2024;1, 7, 10, 19, 20, 25, 31;11;788,737
1454;28 March 2024;6, 9, 15, 18, 19, 29, 34;4;638,851
1453;21 March 2024;3, 7, 10, 12, 13, 24, 25;11;484,256
1452;14 March 2024;5, 15, 24, 27, 30, 32, 35;2;1,145,211
1451;7 March 2024;2, 4, 6, 8, 20, 24, 30;10;933,498
1450;29 February 2024;3, 5, 13, 24, 25, 31, 33;17;739,455
1449;22 February 2024;5, 6, 7, 12, 27, 28, 33;4;478,557
1448;15 February 2024;5, 10, 15, 18, 19, 34, 35;20;476,95
1447;8 February 2024;6, 7, 12, 16, 20, 25, 26;2;486,048
1446;1 February 2024;1, 12, 23, 26, 32, 33, 35;10;6,770,283
1445;25 January 2024;1, 4, 6, 9, 21, 26, 27;10;5,102,570
1444;18 January 2024;17, 20, 21, 22, 24, 31, 34;6;3,445,440
1443;11 January 2024;2, 5, 16, 25, 30, 32, 34;7;1,509,643
1442;4 January 2024;21, 22, 27, 30, 31, 33, 34;4;977,02
1441;28 December 2023;9, 11, 15, 16, 24, 27, 35;1;745,34
1440;21 December 2023;13, 14, 20, 22, 25, 34, 35;12;532,545
1439;14 December 2023;2, 4, 6, 8, 18, 22, 30;2;932,504
1438;7 December 2023;4, 6, 15, 17, 23, 31, 33;15;767,983
1437;30 November 2023;1, 2, 11, 19, 23, 30, 34;4;526,8
1436;23 November 2023;4, 7, 23, 31, 32, 33, 35;5;840,638
1435;16 November 2023;1, 7, 8, 11, 29, 31, 32;16;559,593
1434;9 November 2023;5, 15, 23, 29, 30, 34, 35;2;515,658
1433;2 November 2023;6, 8, 11, 12, 22, 23, 30;15;1,341,852
1432;26 October 2023;4, 9, 11, 16, 22, 31, 35;20;931,322
1431;19 October 2023;1, 3, 4, 6, 7, 24, 26;18;652,968
1430;12 October 2023;1, 6, 10, 20, 21, 31, 35;13;459,524
1429;5 October 2023;3, 4, 8, 11, 14, 19, 22;5;2,004,163
1428;28 September 2023;2, 3, 14, 15, 26, 27, 28;19;1,299,079
1427;21 September 2023;4, 10, 12, 13, 18, 20, 23;5;972,261
1426;14 September 2023;2, 5, 6, 10, 17, 19, 31;10;749,581
1425;7 September 2023;11, 14, 18, 20, 24, 27, 29;19;477,673
1424;31 August 2023;6, 10, 14, 27, 31, 32, 35;6;1,314,020
1423;24 August 2023;3, 8, 11, 17, 18, 20, 33;7;1,036,517
1422;17 August 2023;10, 12, 17, 21, 24, 26, 30;10;705,337
1421;10 August 2023;9, 10, 11, 16, 18, 23, 24;9;491,259
1420;3 August 2023;1, 7, 13, 18, 23, 25, 33;7;3,716,435
1419;27 July 2023;4, 14, 16, 18, 19, 22, 33;18;1,909,895
1418;20 July 2023;4, 7, 9, 14, 27, 29, 32;17;1,397,378
1417;13 July 2023;3, 11, 17, 19, 27, 29, 30;15;937,747
1416;6 July 2023;7, 10, 12, 16, 17, 20, 28;20;735,171
1415;29 June 2023;1, 3, 5, 8, 18, 24, 28;2;435,033
1414;22 June 2023;3, 4, 5, 6, 14, 22, 23;17;3,867,941
1413;15 June 2023;2, 9, 11, 13, 20, 25, 31;2;1,980,836
1412;8 June 2023;12, 15, 17, 20, 21, 22, 28;11;1,315,306
1411;1 June 2023;6, 14, 19, 23, 28, 31, 34;3;918,754
1410;25 May 2023;8, 12, 17, 20, 27, 29, 30;6;695,368
1409;18 May 2023;3, 6, 7, 11, 19, 20, 33;18;452,831
1408;11 May 2023;3, 8, 9, 12, 15, 18, 28;14;461,658
1407;4 May 2023;2, 13, 18, 20, 31, 34, 35;9;920,905
1406;27 April 2023;6, 16, 19, 27, 28, 30, 33;17;598,51
1405;20 April 2023;1, 12, 13, 18, 24, 30, 32;6;473,482
1404;13 April 2023;5, 12, 15, 19, 27, 29, 33;4;1,111,892
1403;6 April 2023;6, 12, 17, 21, 24, 30, 33;10;923,497
1402;30 March 2023;5, 6, 7, 11, 12, 13, 35;15;594,687
1401;23 March 2023;4, 5, 7, 18, 19, 25, 26;15;598,664
1400;16 March 2023;3, 17, 22, 28, 29, 32, 34;18;479,577
1399;9 March 2023;7, 10, 17, 20, 27, 30, 33;1;454,163
1398;2 March 2023;13, 14, 16, 18, 19, 21, 29;18;1,359,343
1397;23 February 2023;3, 5, 6, 11, 24, 26, 30;9;1,014,788
1396;16 February 2023;5, 8, 12, 13, 20, 21, 35;8;653,438
1395;9 February 2023;3, 8, 11, 16, 28, 32, 35;13;473,008
1394;2 February 2023;2, 7, 15, 21, 24, 31, 35;18;1,330,836
1393;26 January 2023;1, 15, 21, 28, 30, 31, 33;16;896,264
1392;19 January 2023;3, 19, 21, 30, 32, 34, 35;1;604,989
1391;12 January 2023;3, 10, 18, 22, 29, 30, 34;5;496,226
1390;5 January 2023;5, 7, 9, 13, 21, 27, 35;6;482,438
1389;29 December 2022;4, 6, 9, 22, 23, 24, 26;18;3,115,710
1388;22 December 2022;5, 7, 18, 21, 23, 28, 31;4;1,730,278
1387;15 December 2022;1, 7, 19, 21, 22, 26, 34;2;1,105,833
1386;8 December 2022;4, 10, 14, 18, 19, 21, 35;11;889,417
1385;1 December 2022;2, 4, 5, 7, 8, 29, 34;15;567,846
1384;24 November 2022;6, 9, 14, 25, 27, 31, 33;15;1,583,200
1383;17 November 2022;1, 5, 6, 7, 14, 19, 33;17;1,156,822
1382;10 November 2022;3, 5, 14, 15, 17, 22, 32;7;1,033,296
1381;3 November 2022;2, 6, 8, 12, 22, 24, 32;2;595,874
1380;27 October 2022;2, 4, 7, 10, 12, 18, 34;7;6,683,605
1379;20 October 2022;6, 11, 14, 17, 24, 25, 33;18;4,139,050
1378;13 October 2022;1, 13, 16, 18, 25, 31, 35;2;1,693,915
1377;6 October 2022;3, 4, 6, 14, 17, 28, 35;10;1,073,010
1376;29 September 2022;9, 12, 15, 16, 19, 20, 35;4;804,83
1375;22 September 2022;10, 15, 21, 24, 26, 28, 35;8;521,61
1374;15 September 2022;2, 9, 10, 13, 22, 31, 35;15;558,568
1373;8 September 2022;13, 15, 21, 23, 25, 30, 31;10;1,376,280
1372;1 September 2022;3, 4, 10, 12, 15, 26, 34;20;890,996
1371;25 August 2022;4, 8, 12, 16, 25, 31, 32;17;564,789
1370;18 August 2022;1, 2, 4, 20, 22, 23, 27;20;464,785
1369;11 August 2022;5, 9, 18, 22, 23, 28, 30;3;912,055
1368;4 August 2022;6, 11, 13, 17, 21, 23, 32;15;549,373
1367;28 July 2022;5, 9, 10, 19, 23, 24, 34;13;463,225
1366;21 July 2022;2, 7, 8, 9, 24, 25, 26;9;507,015
1365;14 July 2022;1, 6, 17, 20, 26, 33, 35;5;607,2
1364;7 July 2022;3, 6, 13, 14, 16, 28, 30;11;471,505
1363;30 June 2022;1, 6, 11, 16, 17, 22, 29;2;1,762,782
1362;23 June 2022;2, 7, 9, 10, 22, 31, 35;19;1,343,247
1361;16 June 2022;3, 6, 12, 15, 18, 28, 29;15;957,618
1360;9 June 2022;2, 3, 6, 13, 20, 23, 34;12;616,193
1359;2 June 2022;6, 8, 11, 15, 21, 31, 33;7;494,374
1358;26 May 2022;10, 13, 16, 19, 21, 25, 33;18;463,698
1357;19 May 2022;5, 8, 11, 15, 27, 28, 34;3;2,696,619
1356;12 May 2022;4, 7, 9, 14, 16, 18, 22;10;1,941,322
1355;5 May 2022;2, 12, 16, 17, 26, 30, 35;19;1,327,741
1354;28 April 2022;1, 7, 12, 16, 19, 24, 25;7;960,255
1353;21 April 2022;15, 17, 19, 22, 25, 28, 29;6;547,992
1352;14 April 2022;2, 3, 5, 11, 14, 20, 31;4;469,291
1351;7 April 2022;3, 5, 7, 10, 15, 30, 34;12;995,196
1350;31 March 2022;6, 10, 13, 26, 27, 28, 34;11;634,157
1349;24 March 2022;4, 5, 9, 21, 23, 28, 32;20;439,305
1348;17 March 2022;2, 7, 13, 17, 19, 23, 25;13;1,006,718
1347;10 March 2022;5, 13, 15, 16, 19, 29, 35;16;577,469
1346;3 March 2022;2, 4, 12, 18, 24, 27, 28;4;455,365
1345;24 February 2022;6, 9, 15, 27, 28, 32, 33;8;5,558,092
1344;17 February 2022;6, 7, 13, 22, 24, 30, 34;10;2,612,173
1343;10 February 2022;3, 5, 16, 19, 26, 31, 32;6;1,765,572
1342;3 February 2022;11, 16, 18, 21, 22, 26, 31;8;1,292,382
1341;27 January 2022;4, 10, 15, 25, 27, 28, 32;18;763,316
1340;20 January 2022;11, 14, 25, 26, 31, 34, 35;1;488,15
1339;13 January 2022;2, 9, 13, 24, 28, 29, 33;13;437,032
1338;6 January 2022;5, 15, 20, 27, 28, 29, 34;8;1,708,140
1337;30 December 2021;16, 18, 19, 23, 26, 32, 35;10;1,013,993
1336;23 December 2021;3, 10, 13, 16, 20, 29, 33;19;936,635
1335;16 December 2021;3, 18, 25, 30, 32, 33, 34;6;569,331
1334;9 December 2021;4, 9, 14, 25, 28, 29, 34;3;419,788
1333;2 December 2021;4, 5, 19, 26, 27, 30, 33;8;2,501,017
1332;25 November 2021;3, 9, 16, 17, 21, 22, 34;9;1,874,111
1331;18 November 2021;1, 3, 5, 8, 13, 19, 34;11;1,348,954
1330;11 November 2021;1, 2, 3, 4, 15, 17, 20;16;915,214
1329;4 November 2021;8, 12, 15, 18, 27, 30, 34;8;589,406
1328;28 October 2021;9, 10, 14, 15, 23, 26, 29;3;429,499
1327;21 October 2021;2, 7, 11, 17, 27, 28, 30;11;2,023,103
1326;14 October 2021;12, 17, 20, 22, 23, 27, 32;17;1,348,090
1325;7 October 2021;4, 13, 18, 25, 27, 29, 34;13;997,856
1324;30 September 2021;2, 7, 14, 18, 24, 25, 27;20;607,463
1323;23 September 2021;3, 8, 10, 14, 21, 23, 24;5;449,774
1322;16 September 2021;1, 8, 9, 22, 30, 31, 32;9;576,671
1321;9 September 2021;2, 3, 6, 8, 17, 20, 23;2;439,209
1320;2 September 2021;4, 5, 12, 14, 17, 25, 28;10;989,631
1319;26 August 2021;10, 11, 14, 25, 27, 28, 32;6;652,253
1318;19 August 2021;2, 7, 8, 9, 10, 26, 30;3;478,968
1317;12 August 2021;4, 10, 17, 19, 21, 23, 26;7;2,986,867
1316;5 August 2021;7, 10, 11, 12, 16, 21, 25;18;1,852,570
1315;29 July 2021;4, 7, 22, 23, 26, 33, 35;17;1,296,190
1314;22 July 2021;13, 15, 16, 20, 25, 28, 29;11;937,877
1313;15 July 2021;3, 11, 16, 17, 25, 26, 32;2;574,805
1312;8 July 2021;7, 8, 9, 15, 17, 19, 32;6;416,533
1311;1 July 2021;11, 13, 16, 17, 18, 19, 20;15;1,764,121
1310;24 June 2021;8, 13, 21, 28, 30, 31, 33;15;1,230,630
1309;17 June 2021;4, 10, 12, 13, 20, 26, 34;1;798,54
1308;10 June 2021;2, 13, 15, 24, 25, 32, 35;16;502,919
1307;3 June 2021;1, 11, 12, 14, 17, 19, 28;11;440,509
1306;27 May 2021;2, 5, 6, 10, 12, 24, 25;20;581,464
1305;20 May 2021;2, 5, 7, 8, 11, 14, 18;19;466,975
1304;13 May 2021;5, 7, 8, 11, 12, 19, 25;20;1,129,426
1303;6 May 2021;10, 14, 16, 21, 23, 25, 34;9;829,449
1302;29 April 2021;3, 10, 14, 15, 23, 30, 35;15;543,44
1301;22 April 2021;10, 17, 19, 21, 26, 31, 35;1;2,604,501
1300;15 April 2021;1, 5, 9, 12, 17, 19, 24;3;1,475,569
1299;8 April 2021;3, 4, 12, 13, 14, 21, 24;6;946,765
1298;1 April 2021;1, 7, 13, 23, 25, 26, 27;15;849,304
1297;25 March 2021;10, 12, 14, 15, 16, 21, 25;5;527,799
1296;18 March 2021;6, 16, 18, 29, 30, 33, 35;4;1,530,467
1295;11 March 2021;1, 8, 14, 17, 19, 21, 26;20;1,029,749
1294;4 March 2021;1, 6, 7, 18, 22, 28, 33;4;837,615
1293;25 February 2021;11, 17, 19, 20, 23, 25, 33;3;539,293
1292;18 February 2021;3, 13, 16, 19, 22, 25, 30;10;1,770,964
1291;11 February 2021;1, 7, 16, 20, 26, 29, 32;14;1,077,572
1290;4 February 2021;2, 6, 18, 29, 30, 33, 34;8;840,029
1289;28 January 2021;6, 10, 12, 13, 16, 20, 30;11;511,629
1288;21 January 2021;6, 15, 19, 22, 27, 29, 35;14;863,186
1287;14 January 2021;1, 2, 17, 20, 26, 27, 31;14;527,615
1286;7 January 2021;2, 3, 7, 17, 20, 22, 23;5;408,388
1285;31 December 2020;1, 2, 7, 8, 11, 16, 28;7;641,603
1284;24 December 2020;4, 9, 11, 12, 21, 29, 32;2;422,75
1283;17 December 2020;4, 5, 9, 16, 17, 29, 33;13;947,317
1282;10 December 2020;4, 8, 9, 11, 14, 19, 20;19;616,874
1281;3 December 2020;1, 12, 15, 17, 21, 28, 29;17;397,5
1280;26 November 2020;3, 7, 20, 21, 25, 30, 31;2;894,629
1279;19 November 2020;1, 7, 12, 13, 26, 30, 34;11;550,821
1278;12 November 2020;6, 9, 11, 14, 19, 23, 24;20;409,081
1277;5 November 2020;2, 3, 13, 14, 21, 24, 35;12;892,017
1276;29 October 2020;1, 2, 10, 16, 24, 28, 31;19;559,787
1275;22 October 2020;1, 5, 6, 10, 16, 19, 31;10;438,514
1274;15 October 2020;2, 7, 9, 15, 27, 31, 32;7;1,464,551
1273;8 October 2020;9, 10, 11, 17, 19, 20, 35;3;999,401
1272;1 October 2020;11, 15, 16, 18, 22, 26, 30;4;613,663
1271;24 September 2020;1, 3, 8, 11, 13, 31, 32;3;463,558
1270;17 September 2020;3, 4, 5, 7, 11, 19, 28;6;1,912,173
1269;10 September 2020;2, 8, 9, 10, 19, 23, 29;14;1,377,927
1268;3 September 2020;1, 3, 9, 13, 17, 23, 32;19;948,012
1267;27 August 2020;2, 13, 14, 16, 18, 23, 28;9;613,667
1266;20 August 2020;8, 12, 17, 18, 21, 23, 35;1;409,545
1265;13 August 2020;5, 6, 14, 15, 16, 24, 32;19;591,643
1264;6 August 2020;5, 7, 14, 18, 23, 27, 33;7;495,678
1263;30 July 2020;3, 9, 19, 24, 27, 30, 35;1;975,123
1262;23 July 2020;3, 7, 9, 16, 17, 28, 32;6;585,307
1261;16 July 2020;11, 14, 18, 23, 26, 32, 34;5;461,252
1260;9 July 2020;2, 21, 26, 28, 31, 32, 33;12;2,404,427
1259;2 July 2020;1, 6, 10, 15, 16, 21, 26;19;1,550,312
1258;25 June 2020;8, 12, 18, 20, 24, 27, 35;17;1,084,427
1257;18 June 2020;7, 14, 17, 22, 24, 28, 32;1;685,611
1256;11 June 2020;1, 14, 17, 22, 26, 28, 33;9;567,278
1255;4 June 2020;1, 5, 10, 12, 17, 20, 27;13;446,253
1254;28 May 2020;9, 10, 21, 24, 25, 30, 32;19;827,579
1253;21 May 2020;7, 8, 9, 18, 23, 30, 32;4;551,608
1252;14 May 2020;3, 4, 8, 22, 23, 24, 31;15;390,855
1251;7 May 2020;9, 12, 16, 23, 26, 29, 35;10;518,004
1250;30 April 2020;6, 9, 17, 25, 28, 32, 34;10;384,177
1249;23 April 2020;3, 6, 7, 14, 18, 32, 35;2;896,016
1248;16 April 2020;8, 12, 15, 18, 19, 24, 25;18;642,765
1247;9 April 2020;2, 4, 12, 18, 19, 27, 34;11;518,595
1246;2 April 2020;1, 3, 14, 17, 19, 22, 26;18;343,428
1245;26 March 2020;1, 12, 14, 16, 21, 27, 29;7;1,916,816
1244;19 March 2020;1, 10, 11, 12, 18, 20, 27;20;1,479,132
1243;12 March 2020;10, 17, 19, 20, 26, 28, 33;2;1,042,483
1242;5 March 2020;10, 16, 23, 24, 27, 28, 33;12;823,85
1241;27 February 2020;1, 9, 16, 17, 22, 24, 31;2;608,423
1240;20 February 2020;1, 3, 12, 13, 21, 26, 31;19;486,378
1239;13 February 2020;2, 5, 7, 14, 25, 29, 32;3;323,906
1238;6 February 2020;1, 2, 3, 11, 15, 26, 35;17;1,493,633
1237;30 January 2020;5, 8, 9, 17, 20, 22, 35;16;1,019,226
1236;23 January 2020;4, 5, 10, 13, 23, 27, 28;4;796,163
1235;16 January 2020;7, 14, 16, 20, 21, 25, 28;11;605,472
1234;9 January 2020;3, 4, 7, 9, 24, 29, 31;2;449,629
1233;2 January 2020;2, 3, 9, 21, 25, 27, 35;4;319,273
1232;26 December 2019;7, 9, 12, 17, 23, 26, 27;2;570,766
1231;19 December 2019;4, 8, 9, 10, 11, 29, 32;18;583,172
1230;12 December 2019;9, 11, 15, 16, 18, 28, 35;9;589,885
1229;5 December 2019;14, 19, 20, 27, 29, 30, 32;6;447,789
1228;28 November 2019;4, 12, 18, 20, 21, 23, 30;1;321,696
1227;21 November 2019;1, 2, 3, 12, 13, 23, 25;1;1,092,241
1226;14 November 2019;8, 10, 20, 24, 26, 28, 32;6;904,13
1225;7 November 2019;3, 7, 10, 12, 13, 21, 33;4;696,613
1224;31 October 2019;9, 10, 16, 18, 22, 29, 33;8;519,893
1223;24 October 2019;1, 7, 11, 12, 19, 24, 30;7;495,686
1222;17 October 2019;2, 6, 7, 9, 21, 22, 25;12;343,766
1221;10 October 2019;3, 6, 11, 16, 27, 28, 35;10;508,958
1220;3 October 2019;2, 11, 15, 20, 22, 25, 29;3;424,569
1219;26 September 2019;9, 22, 25, 26, 27, 30, 33;19;348,943
1218;19 September 2019;4, 5, 8, 17, 18, 26, 31;9;4,648,107
1217;12 September 2019;10, 11, 20, 27, 28, 30, 31;2;2,760,732
1216;5 September 2019;2, 4, 14, 16, 19, 27, 29;13;1,912,529
1215;29 August 2019;8, 9, 11, 20, 22, 27, 32;20;1,276,885
1214;22 August 2019;3, 7, 10, 11, 17, 26, 35;19;938,891
1213;15 August 2019;7, 14, 21, 24, 27, 30, 35;13;710,999
1212;8 August 2019;1, 5, 11, 16, 17, 29, 30;8;541,172
1211;1 August 2019;9, 15, 22, 23, 25, 30, 35;6;387,663
1210;25 July 2019;1, 3, 9, 11, 22, 23, 24;4;325,159
1209;18 July 2019;1, 6, 11, 13, 16, 23, 27;11;3,519,178
1208;11 July 2019;6, 7, 8, 21, 27, 28, 34;16;1,649,694
1207;4 July 2019;2, 15, 20, 21, 22, 27, 28;3;1,183,844
1206;27 June 2019;2, 7, 17, 21, 27, 32, 35;7;911,453
1205;20 June 2019;4, 10, 14, 16, 17, 19, 34;13;649,655
1204;13 June 2019;1, 5, 8, 11, 17, 23, 25;3;531,998
1203;6 June 2019;2, 7, 8, 11, 31, 33, 35;20;436,321
1202;30 May 2019;4, 10, 14, 17, 22, 31, 34;7;358,595
1201;23 May 2019;6, 7, 10, 16, 17, 20, 30;4;273,299
1200;16 May 2019;1, 11, 13, 17, 24, 34, 35;19;383,917
1199;9 May 2019;5, 15, 17, 18, 19, 26, 29;2;261,417
1198;2 May 2019;2, 4, 6, 8, 9, 11, 33;4;786,341
1197;25 April 2019;2, 5, 9, 11, 23, 25, 33;6;513,325
1196;18 April 2019;1, 2, 4, 11, 17, 21, 30;2;484,834
1195;11 April 2019;8, 15, 18, 19, 20, 22, 32;9;406,999
1194;4 April 2019;2, 12, 14, 16, 21, 25, 33;4;295,589
1193;28 March 2019;4, 5, 25, 26, 27, 30, 34;18;580,551
1192;21 March 2019;3, 14, 20, 27, 29, 30, 31;7;475,775
1191;14 March 2019;2, 5, 8, 17, 20, 24, 27;6;370,326
1190;7 March 2019;4, 6, 9, 13, 20, 23, 27;2;292,292
1189;28 February 2019;2, 4, 5, 7, 11, 13, 14;14;1,026,480
1188;21 February 2019;3, 4, 12, 16, 21, 25, 27;8;882,035
1187;14 February 2019;3, 6, 10, 11, 21, 23, 34;5;723,094
1186;7 February 2019;6, 11, 17, 20, 22, 24, 32;19;577,909
1185;31 January 2019;10, 19, 22, 28, 29, 31, 34;10;416,136
1184;24 January 2019;2, 8, 17, 19, 23, 29, 35;3;322,88
1183;17 January 2019;4, 11, 18, 20, 22, 26, 33;9;3,856,276
1182;10 January 2019;3, 7, 10, 24, 28, 31, 34;14;2,467,864
1181;3 January 2019;7, 8, 11, 12, 19, 25, 33;13;1,480,287
1180;27 December 2018;5, 7, 8, 9, 17, 18, 29;19;824,563
1179;20 December 2018;5, 9, 13, 19, 20, 24, 32;15;724,079
1178;13 December 2018;7, 8, 15, 24, 26, 28, 35;13;713,679
1177;6 December 2018;3, 5, 6, 14, 20, 26, 33;19;535,881
1176;29 November 2018;3, 5, 17, 20, 22, 29, 33;12;438,113
1175;22 November 2018;3, 14, 17, 28, 29, 33, 34;17;295,535
1174;15 November 2018;2, 7, 16, 18, 23, 25, 29;20;305,282
1173;8 November 2018;12, 15, 17, 23, 29, 30, 35;10;1,553,831
1172;1 November 2018;4, 8, 11, 17, 24, 30, 35;3;948,519
1171;25 October 2018;9, 11, 13, 25, 26, 28, 29;12;775,396
1170;18 October 2018;7, 10, 17, 25, 29, 33, 35;5;657,828
1169;11 October 2018;13, 20, 21, 23, 27, 30, 32;13;552,014
1168;4 October 2018;3, 11, 21, 22, 24, 28, 32;7;412,951
1167;27 September 2018;5, 10, 15, 19, 21, 22, 30;3;291,785
1166;20 September 2018;2, 6, 8, 10, 17, 20, 30;8;848,698
1165;13 September 2018;1, 2, 17, 19, 22, 34, 35;11;634,762
1164;6 September 2018;7, 14, 18, 21, 23, 25, 27;20;494,358
1163;30 August 2018;13, 15, 19, 20, 22, 28, 32;20;385,456
1162;23 August 2018;2, 6, 9, 14, 18, 28, 29;11;330,45
1161;16 August 2018;3, 13, 27, 31, 32, 33, 35;3;3,795,414
1160;9 August 2018;4, 5, 10, 12, 13, 18, 34;19;2,023,521
1159;2 August 2018;1, 3, 9, 17, 22, 32, 34;19;1,066,585
1158;26 July 2018;1, 7, 8, 22, 28, 31, 32;15;868,103
1157;19 July 2018;2, 4, 22, 23, 24, 25, 29;17;718,567
1156;12 July 2018;4, 16, 18, 23, 25, 31, 32;5;612,35
1155;5 July 2018;7, 20, 23, 29, 32, 33, 34;16;450,973
1154;28 June 2018;2, 4, 7, 17, 25, 28, 34;3;372,657
1153;21 June 2018;2, 5, 9, 13, 24, 31, 35;16;247,082
1152;14 June 2018;2, 6, 7, 14, 16, 29, 31;15;262,57
1151;7 June 2018;14, 22, 23, 24, 30, 32, 34;9;1,265,614
1150;31 May 2018;8, 9, 18, 27, 29, 30, 32;6;1,039,920
1149;24 May 2018;2, 12, 14, 18, 19, 23, 25;17;812,935
1148;17 May 2018;3, 9, 16, 25, 26, 31, 34;9;589,97
1147;10 May 2018;6, 14, 15, 24, 26, 32, 35;14;392,188
1146;3 May 2018;1, 3, 6, 16, 19, 20, 24;13;373,502
1145;26 April 2018;9, 14, 15, 19, 24, 34, 35;12;260,424
1144;19 April 2018;4, 5, 9, 13, 25, 32, 33;7;404,527
1143;12 April 2018;14, 16, 18, 31, 32, 33;17;161,056
1142;5 April 2018;5, 8, 18, 22, 23, 25;10;241,833
1141;29 March 2018;4, 7, 8, 10, 14, 16;10;198,712
1140;22 March 2018;10, 17, 22, 30, 35, 40;7;674,612
1139;15 March 2018;1, 6, 9, 18, 21, 34;15;542,456
1138;8 March 2018;4, 12, 22, 26, 29, 37;11;353,371
1137;1 March 2018;8, 16, 17, 24, 30, 39;8;276,081
1136;22 February 2018;11, 14, 15, 16, 19, 38;8;217,336
1135;15 February 2018;5, 6, 12, 25, 36, 37;7;179,936
1134;8 February 2018;7, 10, 12, 23, 33, 38;16;209,51
1133;1 February 2018;20, 24, 26, 27, 35, 38;3;163,515
1132;25 January 2018;1, 10, 13, 23, 24, 40;13;203,545
1131;18 January 2018;3, 8, 13, 19, 35, 36;6;190,814
1130;11 January 2018;5, 7, 11, 32, 34, 38;12;1,027,688
1129;4 January 2018;8, 15, 19, 20, 23, 24;5;604,17
1128;28 December 2017;12, 28, 29, 34, 35, 37;7;348,947
1127;21 December 2017;7, 10, 15, 27, 32, 33;9;300,544
1126;14 December 2017;19, 22, 28, 30, 31, 40;6;250,073
1125;7 December 2017;8, 11, 23, 26, 34, 39;13;219,124
1124;30 November 2017;21, 22, 26, 31, 35, 38;10;166,5
1123;23 November 2017;17, 27, 33, 35, 36, 39;7;320,443
1122;16 November 2017;3, 6, 11, 18, 33, 36;5;225,445
1121;9 November 2017;15, 18, 20, 27, 29, 38;20;167,703
1120;2 November 2017;3, 4, 23, 30, 32, 33;4;205,053
1119;26 October 2017;4, 15, 23, 29, 34, 39;5;163,772
1118;19 October 2017;8, 9, 11, 17, 31, 34;16;367,793
1117;12 October 2017;1, 11, 15, 28, 30, 32;20;323,412
1116;5 October 2017;6, 7, 17, 19, 33, 38;17;224,741
1115;28 September 2017;1, 6, 13, 14, 25, 32;7;178,843
1114;21 September 2017;2, 10, 17, 23, 25, 26;5;897,876
1113;14 September 2017;15, 25, 26, 30, 31, 37;18;547,622
1112;7 September 2017;3, 11, 14, 24, 28, 35;3;334,032
1111;31 August 2017;14, 22, 25, 34, 36, 38;10;237,773
1110;24 August 2017;3, 6, 9, 13, 30, 35;20;210,675
1109;17 August 2017;4, 5, 12, 26, 32, 38;6;169,327
1108;10 August 2017;1, 6, 8, 16, 17, 20;1;183,183
1107;3 August 2017;6, 9, 19, 22, 30, 38;10;225,548
1106;27 July 2017;4, 15, 23, 27, 31, 36;16;159,497
1105;20 July 2017;5, 14, 15, 22, 23, 25;9;177,102
1104;13 July 2017;1, 9, 12, 24, 28, 30;9;205,64
1103;6 July 2017;10, 11, 13, 19, 22, 38;20;183,207
1102;29 June 2017;2, 3, 5, 9, 12, 19;9;241,66
1101;22 June 2017;12, 17, 25, 35, 36, 40;17;162,071
1100;15 June 2017;6, 23, 24, 28, 31, 38;12;557,277
1099;8 June 2017;6, 7, 10, 17, 20, 25;15;399,689
1098;1 June 2017;18, 19, 24, 29, 32, 37;12;296,469
1097;25 May 2017;4, 24, 27, 32, 35, 39;13;202,63
1096;18 May 2017;6, 10, 17, 27, 35, 39;12;173,261
1095;11 May 2017;10, 19, 21, 23, 26, 36;10;868,162
1094;4 May 2017;4, 5, 10, 15, 17, 25;2;564,557
1093;27 April 2017;19, 20, 24, 30, 36, 38;3;336,375
1092;20 April 2017;7, 13, 19, 22, 27, 30;8;313,196
1091;13 April 2017;1, 5, 23, 26, 33, 34;10;222,876
1090;6 April 2017;6, 7, 17, 31, 32, 34;5;174,509
1089;30 March 2017;1, 5, 7, 19, 28, 30;6;335,247
1088;23 March 2017;5, 7, 17, 31, 34, 40;18;261,719
1087;16 March 2017;13, 22, 27, 30, 34, 40;17;205,771
1086;9 March 2017;6, 9, 19, 26, 27, 29;15;188,915
1085;2 March 2017;9, 25, 30, 34, 36, 40;11;293,685
1084;23 February 2017;1, 15, 16, 20, 26, 29;12;217,785
1083;16 February 2017;15, 22, 24, 25, 26, 29;16;163,412
1082;9 February 2017;11, 16, 21, 23, 31, 33;2;318,727
1081;2 February 2017;20, 23, 28, 31, 35, 40;3;263,61
1080;26 January 2017;6, 8, 23, 36, 38, 40;2;180,29
1079;19 January 2017;10, 22, 31, 32, 33, 35;19;168,262
1078;12 January 2017;4, 11, 14, 26, 29, 36;17;178,531
1077;5 January 2017;6, 8, 23, 31, 36, 39;15;1,077,370
1076;29 December 2016;3, 4, 6, 24, 25, 31;13;620,001
1075;22 December 2016;4, 10, 16, 26, 29, 39;18;469,901
1074;15 December 2016;8, 13, 22, 30, 36, 37;11;346,129
1073;8 December 2016;3, 5, 13, 20, 37, 38;14;268,396
1072;1 December 2016;9, 12, 23, 34, 37, 38;7;211,695
1071;24 November 2016;5, 12, 13, 18, 25, 40;5;186,257
1070;17 November 2016;4, 10, 16, 24, 34, 40;11;173,285
1069;10 November 2016;7, 19, 23, 26, 30, 37;5;218,098
1068;3 November 2016;8, 22, 23, 26, 35, 40;6;168,806
1067;27 October 2016;2, 16, 17, 21, 36, 38;7;204,794
1066;20 October 2016;5, 8, 12, 22, 25, 34;17;-
1065;13 October 2016;2, 6, 8, 13, 31, 36;15;-
1064;6 October 2016;9, 12, 21, 32, 33, 37;18;-
1063;29 September 2016;4, 8, 18, 28, 36, 39;18;-
1062;22 September 2016;14, 16, 20, 23, 28, 33;11;-
1061;15 September 2016;2, 12, 13, 27, 29, 32;12;-
1060;8 September 2016;9, 10, 17, 25, 28, 31;2;-
1059;1 September 2016;3, 11, 13, 14, 18, 22;9;-
1058;25 August 2016;12, 22, 24, 25, 32, 39;11;-
1057;18 August 2016;3, 9, 18, 33, 37, 40;8;-
1056;11 August 2016;4, 7, 12, 17, 24, 35;4;-
1055;4 August 2016;3, 8, 16, 17, 24, 38;5;-
1054;28 July 2016;1, 5, 21, 24, 32, 36;20;-
1053;21 July 2016;9, 12, 14, 22, 30, 36;3;-
1052;14 July 2016;6, 8, 13, 26, 30, 31;1;-
1051;7 July 2016;4, 9, 14, 22, 23, 32;19;-
1050;30 June 2016;1, 4, 13, 14, 31, 33;12;-
1049;23 June 2016;8, 10, 17, 35, 36, 40;13;-
1048;16 June 2016;3, 11, 17, 24, 29, 37;3;-
1047;9 June 2016;5, 7, 13, 24, 31, 38;8;-
1046;2 June 2016;2, 10, 19, 25, 31, 39;6;-
1045;26 May 2016;5, 8, 15, 29, 31, 35;9;-
1044;19 May 2016;7, 11, 22, 24, 26, 29;20;-
1043;12 May 2016;8, 10, 18, 19, 26, 36;5;-
1042;5 May 2016;1, 2, 11, 20, 25, 38;5;-
1041;28 April 2016;2, 8, 9, 20, 24, 31;1;-
1040;21 April 2016;8, 12, 18, 19, 26, 33;6;-
1039;14 April 2016;4, 5, 7, 20, 32, 40;14;-
1038;7 April 2016;3, 5, 15, 20, 34, 35;13;-
1037;31 March 2016;19, 20, 23, 31, 32, 34;11;-
1036;24 March 2016;2, 7, 16, 17, 25, 32;14;-
1035;17 March 2016;6, 7, 15, 29, 34, 36;19;-
1034;10 March 2016;4, 6, 20, 22, 31, 33;18;-
1033;3 March 2016;9, 19, 20, 25, 27, 32;5;-
1032;25 February 2016;9, 13, 14, 15, 32, 38;2;-
1031;18 February 2016;9, 12, 16, 18, 20, 29;17;-
1030;11 February 2016;1, 8, 21, 22, 30, 33;5;-
1029;4 February 2016;6, 10, 17, 18, 20, 36;2;-
1028;28 January 2016;2, 9, 17, 29, 31, 33;9;-
1027;21 January 2016;19, 20, 22, 23, 26, 36;14;-
1026;14 January 2016;12, 19, 23, 34, 36, 37;20;-
1025;7 January 2016;4, 14, 18, 20, 23, 34;18;1,304,299
1024;31 December 2015;17, 20, 26, 33, 34, 37;17;
1023;24 December 2015;1, 8, 15, 26, 32, 38;19;
1022;17 December 2015;2, 7, 9, 23, 32, 40;9;
1021;10 December 2015;10, 14, 17, 18, 28, 35;9;
1020;3 December 2015;2, 7, 11, 19, 21, 25;16;
1019;26 November 2015;3, 4, 8, 17, 19, 33;9;
1018;19 November 2015;2, 5, 13, 16, 23, 38;18;
1017;12 November 2015;1, 3, 15, 19, 26, 35;18;
1016;5 November 2015;13, 17, 19, 20, 24, 31;19;
1015;29 October 2015;4, 10, 23, 24, 26, 34;5;
1014;22 October 2015;9, 12, 18, 31, 35, 38;10;
1013;15 October 2015;6, 7, 13, 20, 23, 29;18;
1012;8 October 2015;5, 6, 13, 20, 27, 35;3;
1011;1 October 2015;3, 5, 16, 17, 27, 40;18;
1010;24 September 2015;7, 15, 16, 21, 34, 39;5;
1009;17 September 2015;7, 16, 21, 38, 39, 40;10;
1008;10 September 2015;11, 12, 15, 24, 29, 38;15;
1007;3 September 2015;3, 15, 21, 30, 32, 33;17;
1006;27 August 2015;2, 5, 6, 11, 23, 28;14;
1005;20 August 2015;2, 3, 17, 19, 20, 33;1;
1004;13 August 2015;1, 5, 11, 12, 26, 39;14;
1003;6 August 2015;5, 7, 16, 17, 25, 26;17;
1002;30 July 2015;1, 3, 7, 20, 21, 36;19;
1001;23 July 2015;3, 9, 21, 25, 27, 32;18;
1000;16 July 2015;2, 5, 11, 18, 25, 39;2;
999;9 July 2015;2, 17, 19, 24, 27, 35;11;
998;2 July 2015;7, 17, 23, 26, 37, 39;12;
997;25 June 2015;1, 4, 24, 25, 26, 37;19;
996;18 June 2015;10, 15, 22, 25, 34, 37;19;
995;11 June 2015;14, 16, 17, 18, 32, 35;1;
994;4 June 2015;3, 4, 8, 16, 21, 33;8;
993;28 May 2015;25, 26, 29, 31, 37, 39;2;
992;21 May 2015;6, 13, 14, 31, 35, 40;16;
991;14 May 2015;5, 13, 27, 29, 31, 38;1;
990;7 May 2015;10, 19, 20, 22, 32, 33;12;
989;30 April 2015;6, 15, 18, 24, 35, 37;15;
988;23 April 2015;2, 9, 25, 27, 32, 34;8;
987;16 April 2015;6, 8, 18, 25, 27, 29;2;
986;9 April 2015;6, 9, 17, 23, 30, 37;11;
985;2 April 2015;5, 9, 11, 23, 24, 33;13;
984;26 March 2015;1, 10, 15, 19, 25, 35;18;
983;19 March 2015;7, 8, 14, 18, 24, 35;15;
982;12 March 2015;4, 6, 8, 23, 32, 40;1;
981;5 March 2015;2, 4, 6, 23, 28, 32;7;
980;26 February 2015;5, 8, 18, 19, 22, 36;9;
979;19 February 2015;3, 4, 7, 27, 36, 38;11;
978;12 February 2015;1, 3, 5, 11, 28, 39;10;
977;5 February 2015;16, 21, 22, 29, 31, 36;13;
976;29 January 2015;3, 6, 18, 32, 35, 37;2;
975;22 January 2015;13, 17, 22, 25, 38, 40;2;
974;15 January 2015;5, 13, 20, 26, 31, 37;3;
973;8 January 2015;2, 10, 15, 32, 34, 37;5;
972;1 January 2015;18, 24, 25, 27, 32, 34;6;
971;25 December 2014;13, 16, 19, 31, 32, 38;5;
970;18 December 2014;14, 24, 33, 35, 36, 38;2;
969;11 December 2014;7, 9, 20, 31, 32, 36;19;
968;4 December 2014;4, 5, 6, 8, 36, 39;8;
967;27 November 2014;3, 5, 10, 22, 32, 37;13;
966;20 November 2014;7, 24, 25, 26, 36, 37;12;
965;13 November 2014;4, 5, 7, 14, 19, 28;18;
964;6 November 2014;5, 12, 21, 27, 29, 39;19;
963;30 October 2014;1, 4, 6, 15, 30, 36;5;
962;23 October 2014;13, 19, 22, 24, 30, 39;11;
961;16 October 2014;4, 9, 13, 18, 26, 34;3;
960;9 October 2014;2, 24, 25, 26, 29, 35;8;
959;2 October 2014;13, 17, 18, 23, 25, 27;1;
958;25 September 2014;9, 19, 27, 31, 32, 40;1;
957;18 September 2014;3, 10, 11, 16, 34, 35;4;
956;11 September 2014;4, 16, 18, 30, 39, 40;19;
955;4 September 2014;2, 17, 18, 24, 25, 26;6;
954;28 August 2014;9, 11, 14, 23, 26, 28;11;
953;21 August 2014;5, 7, 8, 19, 32, 40;12;
952;14 August 2014;1, 8, 12, 26, 31, 38;6;
951;7 August 2014;7, 12, 26, 27, 31, 32;12;
950;31 July 2014;5, 16, 23, 24, 31, 37;15;
949;24 July 2014;1, 8, 11, 15, 21, 31;20;
948;17 July 2014;1, 6, 9, 31, 38, 39;10;
947;10 July 2014;10, 13, 15, 20, 21, 33;2;
946;3 July 2014;26, 27, 28, 31, 36, 38;15;
945;26 June 2014;2, 9, 10, 20, 32, 33;7;
944;19 June 2014;17, 26, 30, 32, 35, 40;19;
943;12 June 2014;6, 19, 24, 29, 32, 39;7;
942;5 June 2014;3, 6, 11, 14, 17, 35;4;
941;29 May 2014;2, 14, 15, 21, 22, 32;15;
940;22 May 2014;3, 4, 6, 12, 13, 20;1;
939;15 May 2014;8, 30, 32, 34, 35, 36;4;
938;8 May 2014;7, 8, 13, 21, 28, 34;4;
937;1 May 2014;5, 21, 28, 33, 36, 37;2;
936;24 April 2014;8, 15, 19, 21, 33, 36;3;
935;17 April 2014;8, 11, 16, 20, 23, 29;9;
934;10 April 2014;21, 22, 29, 36, 38, 39;12;
933;3 April 2014;16, 18, 27, 28, 29, 32;2;
932;27 March 2014;2, 15, 19, 21, 34, 39;10;
931;20 March 2014;11, 20, 22, 27, 34, 39;6;
930;13 March 2014;3, 4, 9, 31, 37, 38;6;
929;6 March 2014;20, 21, 24, 26, 28, 38;15;
928;27 February 2014;1, 14, 18, 22, 30, 34;17;
927;20 February 2014;4, 6, 25, 26, 29, 40;18;
926;13 February 2014;6, 8, 11, 13, 24, 34;7;
925;6 February 2014;3, 5, 7, 10, 13, 22;15;
924;30 January 2014;9, 13, 14, 15, 29, 32;17;
923;23 January 2014;7, 9, 14, 24, 28, 31;11;
922;16 January 2014;19, 26, 27, 33, 34, 37;20;
921;9 January 2014;14, 18, 19, 20, 24, 29;11;
920;2 January 2014;4, 8, 13, 29, 36, 38;3;
919;26 December 2013;3, 7, 16, 25, 35, 39;13;
918;19 December 2013;10, 11, 12, 30, 32, 35;10;
917;12 December 2013;16, 24, 33, 37, 39, 40;1;
916;5 December 2013;4, 6, 11, 16, 21, 37;3;
915;28 November 2013;12, 18, 20, 22, 23, 37;5;
914;21 November 2013;1, 10, 16, 19, 27, 34;10;
913;14 November 2013;5, 8, 15, 16, 18, 29;19;
912;7 November 2013;9, 13, 14, 25, 27, 34;15;
911;31 October 2013;4, 13, 17, 28, 34, 36;19;
910;24 October 2013;2, 12, 14, 20, 30, 38;15;
909;17 October 2013;4, 8, 12, 13, 19, 30;2;
908;10 October 2013;4, 13, 19, 27, 32, 39;16;
907;3 October 2013;9, 10, 18, 30, 31, 33;10;
906;26 September 2013;7, 9, 12, 17, 23, 40;8;
905;19 September 2013;4, 7, 9, 19, 20, 29;12;
904;12 September 2013;5, 15, 22, 29, 36, 40;4;
903;5 September 2013;2, 10, 12, 14, 16, 20;8;
902;29 August 2013;3, 4, 6, 29, 34, 39;7;
901;22 August 2013;6, 10, 15, 24, 32, 37;11;
900;15 August 2013;3, 9, 12, 14, 23, 27;12;
899;8 August 2013;1, 8, 20, 22, 23, 25;12;
898;1 August 2013;4, 16, 18, 23, 24, 29;8;
897;25 July 2013;6, 7, 20, 23, 28, 40;15;
896;18 July 2013;15, 26, 29, 30, 32, 36;4;
895;11 July 2013;9, 10, 15, 21, 35, 38;9;
894;4 July 2013;1, 8, 14, 16, 17, 23;11;
893;27 June 2013;3, 4, 10, 25, 28, 32;9;
892;20 June 2013;5, 8, 17, 19, 33, 37;14;
891;13 June 2013;11, 12, 13, 24, 25, 38;7;
890;6 June 2013;5, 14, 16, 20, 26, 29;8;
889;30 May 2013;10, 19, 26, 29, 34, 37;16;
888;23 May 2013;1, 6, 10, 14, 26, 27;7;
887;16 May 2013;4, 23, 24, 26, 31, 40;13;
886;9 May 2013;2, 4, 23, 26, 30, 33;4;
885;2 May 2013;4, 10, 23, 34, 37, 39;20;
884;25 April 2013;4, 13, 17, 18, 22, 26;20;
883;18 April 2013;20, 25, 29, 32, 33, 34;2;
882;11 April 2013;4, 7, 24, 28, 35, 40;12;
881;4 April 2013;7, 21, 34, 35, 38, 39;5;
880;28 March 2013;2, 5, 21, 26, 27, 28;19;
879;21 March 2013;3, 22, 26, 32, 34, 38;18;
878;14 March 2013;5, 9, 23, 30, 35, 37;18;
877;7 March 2013;8, 16, 19, 25, 26, 29;5;
876;28 February 2013;3, 5, 14, 24, 44;5;
875;21 February 2013;9, 28, 31, 38, 45;19;
874;14 February 2013;1, 17, 31, 32, 40;16;
873;7 February 2013;5, 15, 23, 33, 44;27;
872;31 January 2013;4, 14, 23, 24, 33;16;
871;24 January 2013;9, 11, 14, 28, 30;37;
870;17 January 2013;16, 22, 25, 35, 37;24;
869;10 January 2013;7, 8, 13, 25, 29;37;
868;3 January 2013;23, 24, 26, 30, 35;32;
867;27 December 2012;5, 7, 8, 19, 20;10;
866;20 December 2012;11, 18, 23, 29, 30;24;
865;13 December 2012;11, 13, 18, 30, 36;45;
864;6 December 2012;5, 19, 21, 27, 33;3;
863;29 November 2012;3, 10, 19, 35, 38;25;
862;22 November 2012;2, 6, 11, 17, 20;21;
861;15 November 2012;8, 16, 24, 25, 37;5;
860;8 November 2012;2, 3, 21, 22, 32;45;
859;1 November 2012;6, 12, 16, 25, 28;10;
858;25 October 2012;13, 18, 30, 38, 42;8;
857;18 October 2012;7, 8, 21, 30, 31;29;
856;11 October 2012;2, 14, 21, 29, 39;28;
855;4 October 2012;20, 26, 41, 44, 45;9;
854;27 September 2012;2, 16, 24, 31, 41;11;
853;20 September 2012;6, 15, 22, 26, 40;13;
852;13 September 2012;7, 10, 30, 43, 44;35;
851;6 September 2012;13, 16, 18, 26, 28;24;
850;30 August 2012;6, 11, 13, 25, 35;3;
849;23 August 2012;8, 9, 10, 13, 22;8;
848;16 August 2012;7, 15, 23, 28, 30;35;
847;9 August 2012;7, 28, 32, 35, 38;42;
846;2 August 2012;2, 7, 17, 25, 28;26;
845;26 July 2012;7, 28, 31, 32, 33;44;
844;19 July 2012;6, 12, 31, 36, 42;31;
843;12 July 2012;3, 8, 20, 28, 36;11;
842;5 July 2012;16, 18, 26, 37, 42;14;
841;28 June 2012;11, 18, 19, 23, 36;37;
840;21 June 2012;5, 23, 28, 33, 39;32;
839;14 June 2012;12, 15, 23, 27, 29;1;
838;7 June 2012;3, 10, 16, 24, 26;19;
837;31 May 2012;1, 5, 10, 12, 27;29;
836;24 May 2012;4, 18, 22, 27, 34;32;
835;17 May 2012;14, 29, 35, 42, 44;11;
834;10 May 2012;3, 6, 18, 29, 37;9;
833;3 May 2012;1, 2, 8, 19, 29;13;
832;26 April 2012;14, 15, 23, 32, 38;12;
831;19 April 2012;5, 7, 14, 18, 42;23;
830;12 April 2012;11, 12, 18, 20, 32;24;
829;5 April 2012;20, 22, 36, 37, 39;44;
828;29 March 2012;3, 4, 6, 9, 41;20;
827;22 March 2012;2, 5, 10, 29, 45;3;
826;15 March 2012;13, 20, 23, 24, 37;25;
825;8 March 2012;6, 17, 18, 29, 33;7;
824;1 March 2012;37, 38, 39, 42, 43;27;
823;23 February 2012;2, 10, 14, 15, 34;27;
822;16 February 2012;2, 5, 31, 41, 43;26;
821;9 February 2012;9, 19, 35, 37, 39;14;
820;2 February 2012;9, 13, 29, 37, 42;29;
819;26 January 2012;5, 13, 14, 17, 23;1;
818;19 January 2012;3, 7, 9, 22, 30;29;
817;12 January 2012;12, 19, 23, 42, 45;42;
816;5 January 2012;4, 12, 20, 32, 39;4;
815;29 December 2011;2, 4, 16, 31, 34;26;
814;22 December 2011;2, 9, 17, 30, 39;27;
813;15 December 2011;16, 23, 38, 41, 45;45;
812;8 December 2011;20, 26, 28, 36, 39;6;
811;1 December 2011;2, 13, 30, 41, 44;5;
810;24 November 2011;4, 11, 19, 41, 43;17;
809;17 November 2011;4, 6, 16, 20, 25;18;
808;10 November 2011;5, 25, 30, 31, 37;33;
807;3 November 2011;2, 5, 18, 22, 44;9;
806;27 October 2011;6, 13, 18, 35, 40;7;
805;20 October 2011;8, 11, 14, 27, 30;22;
804;13 October 2011;1, 12, 14, 17, 24;8;
803;6 October 2011;6, 7, 22, 23, 28;22;
802;29 September 2011;2, 33, 36, 44, 45;18;
801;22 September 2011;5, 11, 22, 37, 45;45;
800;15 September 2011;5, 10, 31, 36, 37;41;
799;8 September 2011;3, 22, 24, 25, 32;10;
798;1 September 2011;3, 23, 32, 33, 36;38;
797;25 August 2011;14, 21, 27, 28, 44;43;
796;18 August 2011;1, 12, 21, 28, 36;24;
795;11 August 2011;1, 8, 19, 42, 45;1;
794;4 August 2011;8, 13, 31, 34, 42;9;
793;28 July 2011;8, 13, 26, 28, 34;23;
792;21 July 2011;4, 5, 22, 30, 32;20;
791;14 July 2011;2, 10, 16, 36, 44;15;
790;7 July 2011;4, 13, 19, 24, 41;7;
789;30 June 2011;8, 22, 32, 39, 43;6;
788;23 June 2011;6, 16, 17, 23, 33;36;
787;16 June 2011;4, 12, 14, 17, 43;25;
786;9 June 2011;7, 10, 13, 25, 38;1;
785;2 June 2011;12, 23, 36, 44, 45;45;
784;26 May 2011;8, 9, 15, 23, 41;11;
783;19 May 2011;4, 14, 17, 31, 40;7;
782;12 May 2011;2, 7, 8, 16, 26;1;
781;5 May 2011;2, 27, 31, 32, 40;25;
780;28 April 2011;6, 15, 21, 23, 28;27;
779;21 April 2011;13, 17, 29, 38, 43;24;
778;14 April 2011;1, 27, 32, 37, 43;28;
777;7 April 2011;2, 5, 13, 14, 42;14;
776;31 March 2011;2, 12, 14, 30, 34;9;
775;24 March 2011;10, 21, 35, 39, 43;23;
774;17 March 2011;2, 5, 7, 28, 34;6;
773;10 March 2011;2, 11, 18, 23, 27;22;
772;3 March 2011;6, 30, 34, 37, 38;41;
771;24 February 2011;4, 11, 21, 25, 43;16;
770;17 February 2011;5, 7, 8, 21, 28;32;
769;10 February 2011;19, 31, 36, 41, 45;25;
768;3 February 2011;4, 7, 8, 30, 43;28;
767;27 January 2011;10, 14, 23, 27, 31;40;
766;20 January 2011;1, 5, 22, 37, 42;40;
765;13 January 2011;22, 24, 34, 42, 44;36;
764;6 January 2011;1, 15, 33, 34, 41;1;
763;30 December 2010;4, 5, 25, 35, 37;39;
762;23 December 2010;3, 14, 19, 33, 44;13;
761;16 December 2010;7, 21, 24, 32, 36;9;
760;9 December 2010;19, 21, 24, 38, 43;40;
759;2 December 2010;3, 11, 14, 27, 31;27;
758;25 November 2010;10, 28, 36, 37, 40;22;
757;18 November 2010;2, 20, 22, 34, 38;5;
756;11 November 2010;1, 5, 7, 11, 24;25;
755;4 November 2010;1, 10, 29, 31, 38;3;
754;28 October 2010;3, 6, 8, 22, 34;3;
753;21 October 2010;5, 17, 19, 30, 35;13;
752;14 October 2010;3, 19, 27, 35, 41;12;
751;7 October 2010;5, 16, 17, 25, 44;22;
750;30 September 2010;2, 4, 15, 24, 30;8;
749;23 September 2010;1, 4, 24, 25, 35;36;
748;16 September 2010;6, 15, 17, 26, 44;27;
747;9 September 2010;7, 12, 17, 33, 35;12;
746;2 September 2010;23, 26, 36, 39, 45;24;
745;26 August 2010;7, 17, 27, 37, 41;34;
744;19 August 2010;3, 5, 29, 40, 41;38;
743;12 August 2010;3, 13, 18, 21, 29;9;
742;5 August 2010;2, 13, 18, 31, 41;29;
741;29 July 2010;14, 27, 42, 44, 45;26;
740;22 July 2010;26, 31, 32, 39, 40;7;
739;15 July 2010;5, 17, 39, 40, 43;41;
738;8 July 2010;16, 27, 32, 38, 45;28;
737;1 July 2010;11, 14, 15, 16, 29;37;
736;24 June 2010;12, 19, 20, 33, 42;8;
735;17 June 2010;28, 31, 32, 33, 43;32;
734;10 June 2010;2, 11, 22, 28, 37;43;
733;3 June 2010;4, 6, 7, 13, 39;17;
732;27 May 2010;10, 18, 19, 22, 25;21;
731;20 May 2010;7, 21, 25, 33, 42;36;
730;13 May 2010;4, 26, 30, 32, 33;28;
729;6 May 2010;8, 17, 21, 24, 42;25;
728;29 April 2010;13, 15, 20, 44, 45;11;
727;22 April 2010;1, 11, 13, 35, 37;17;
726;15 April 2010;1, 2, 3, 33, 35;32;
725;8 April 2010;10, 13, 18, 29, 45;16;
724;1 April 2010;8, 21, 24, 40, 41;12;
723;25 March 2010;2, 3, 29, 31, 35;26;
722;18 March 2010;11, 17, 31, 32, 40;34;
721;11 March 2010;15, 17, 36, 41, 42;27;
720;4 March 2010;7, 11, 12, 25, 29;21;
719;25 February 2010;1, 24, 32, 33, 37;37;
718;18 February 2010;23, 36, 37, 38, 39;43;
717;11 February 2010;2, 11, 21, 32, 40;22;
716;4 February 2010;5, 16, 29, 35, 36;34;
715;28 January 2010;14, 16, 21, 28, 38;34;
714;21 January 2010;4, 8, 20, 42, 44;23;
713;14 January 2010;13, 16, 27, 31, 44;19;
712;7 January 2010;4, 8, 30, 31, 35;27;
711;31 December 2009;3, 6, 14, 33, 36;36;
710;24 December 2009;6, 7, 33, 35, 39;5;
709;17 December 2009;8, 21, 37, 43, 44;17;
708;10 December 2009;4, 24, 29, 42, 44;39;
707;3 December 2009;4, 18, 22, 29, 32;32;
706;26 November 2009;19, 23, 35, 39, 41;33;
705;19 November 2009;17, 27, 30, 32, 37;6;
704;12 November 2009;2, 5, 11, 15, 22;18;
703;5 November 2009;2, 4, 5, 13, 38;15;
702;29 October 2009;2, 10, 11, 20, 45;45;
701;22 October 2009;9, 11, 25, 30, 35;42;
700;15 October 2009;9, 14, 18, 36, 45;43;
699;8 October 2009;4, 24, 26, 28, 29;10;
698;1 October 2009;8, 13, 17, 26, 37;17;
697;24 September 2009;1, 9, 28, 33, 37;17;
696;17 September 2009;18, 22, 23, 32, 41;4;
695;10 September 2009;1, 7, 10, 15, 38;43;
694;3 September 2009;15, 26, 31, 38, 42;31;
693;27 August 2009;6, 7, 20, 29, 30;29;
692;20 August 2009;1, 6, 14, 34, 42;32;
691;13 August 2009;5, 11, 23, 28, 30;34;
690;6 August 2009;1, 21, 22, 36, 45;6;
689;30 July 2009;13, 15, 17, 21, 45;37;
688;23 July 2009;2, 7, 12, 17, 18;43;
687;16 July 2009;11, 17, 20, 31, 40;20;
686;9 July 2009;6, 9, 33, 34, 39;41;
685;2 July 2009;20, 21, 26, 34, 44;15;
684;25 June 2009;12, 23, 25, 42, 43;35;
683;18 June 2009;1, 2, 28, 32, 45;21;
682;11 June 2009;2, 5, 20, 29, 44;6;
681;4 June 2009;3, 13, 14, 30, 33;6;
680;28 May 2009;9, 15, 18, 29, 33;24;
679;21 May 2009;5, 10, 22, 35, 43;32;
678;14 May 2009;6, 13, 17, 34, 41;24;
677;7 May 2009;16, 18, 37, 38, 39;9;
676;30 April 2009;13, 21, 25, 29, 45;28;
675;23 April 2009;1, 11, 15, 19, 32;14;
674;16 April 2009;24, 27, 32, 41, 45;13;
673;9 April 2009;11, 13, 26, 31, 37;6;
672;2 April 2009;15, 22, 35, 39, 44;28;
671;26 March 2009;13, 15, 16, 29, 42;37;
670;19 March 2009;9, 14, 20, 21, 37;21;
669;12 March 2009;3, 11, 16, 35, 44;44;
668;5 March 2009;10, 18, 19, 22, 36;19;
667;26 February 2009;6, 19, 36, 40, 44;44;
666;19 February 2009;1, 19, 30, 36, 44;8;
665;12 February 2009;10, 37, 39, 41, 43;23;
664;5 February 2009;1, 8, 22, 23, 42;32;
663;29 January 2009;8, 18, 19, 24, 26;24;
662;22 January 2009;4, 11, 12, 13, 35;1;
661;15 January 2009;6, 24, 33, 35, 41;23;
660;8 January 2009;4, 14, 21, 33, 43;34;
659;1 January 2009;14, 21, 36, 39, 40;39;
658;25 December 2008;1, 2, 3, 8, 9;26;
657;18 December 2008;21, 26, 33, 36, 37;38;
656;11 December 2008;6, 10, 22, 23, 34;33;
655;4 December 2008;7, 9, 12, 16, 42;24;
654;27 November 2008;13, 25, 36, 39, 41;16;
653;20 November 2008;3, 24, 31, 40, 44;10;
652;13 November 2008;5, 6, 16, 25, 34;31;
651;6 November 2008;1, 15, 20, 36, 37;43;
650;30 October 2008;7, 23, 26, 32, 43;17;
649;23 October 2008;6, 18, 20, 37, 42;3;
648;16 October 2008;1, 6, 34, 37, 38;22;
647;9 October 2008;2, 25, 30, 36, 40;28;
646;2 October 2008;13, 27, 34, 40, 43;25;
645;25 September 2008;6, 13, 17, 23, 40;18;
644;18 September 2008;2, 13, 29, 30, 38;17;
643;11 September 2008;3, 4, 9, 22, 26;10;
642;4 September 2008;3, 8, 11, 12, 32;21;
641;28 August 2008;5, 9, 17, 18, 21;41;
640;21 August 2008;7, 18, 21, 28, 43;37;
639;14 August 2008;8, 10, 14, 18, 39;27;
638;7 August 2008;8, 22, 23, 30, 34;30;
637;31 July 2008;5, 21, 35, 40, 43;8;
636;24 July 2008;3, 11, 22, 23, 31;18;
635;17 July 2008;5, 18, 32, 37, 42;18;
634;10 July 2008;3, 16, 18, 30, 34;15;
633;3 July 2008;2, 13, 27, 33, 36;16;
632;26 June 2008;10, 12, 13, 24, 33;21;
631;19 June 2008;19, 21, 31, 41, 44;18;
630;12 June 2008;7, 10, 13, 42, 45;42;
629;5 June 2008;2, 5, 11, 21, 38;33;
628;29 May 2008;4, 5, 6, 8, 38;7;
627;22 May 2008;11, 14, 31, 33, 42;13;
626;15 May 2008;1, 6, 13, 20, 29;42;
625;8 May 2008;7, 14, 17, 34, 38;21;
624;1 May 2008;3, 8, 9, 26, 28;44;
623;24 April 2008;10, 15, 16, 24, 38;12;
622;17 April 2008;7, 8, 14, 35, 40;26;
621;10 April 2008;8, 16, 17, 22, 40;5;
620;3 April 2008;21, 22, 28, 32, 37;28;
619;27 March 2008;16, 30, 40, 41, 42;30;
618;20 March 2008;1, 8, 16, 24, 32;13;
617;13 March 2008;12, 17, 19, 25, 42;26;
616;6 March 2008;3, 11, 19, 26, 39;42;
615;28 February 2008;5, 16, 26, 35, 44;44;
614;21 February 2008;15, 18, 27, 34, 44;28;
613;14 February 2008;9, 14, 19, 22, 37;3;
612;7 February 2008;1, 13, 16, 21, 45;36;
611;31 January 2008;4, 9, 34, 39, 40;43;
610;24 January 2008;25, 32, 35, 37, 40;13;
609;17 January 2008;2, 17, 42, 43, 44;39;
608;10 January 2008;3, 14, 23, 30, 40;20;
607;3 January 2008;1, 2, 15, 34, 36;8;
606;27 December 2007;14, 22, 38, 41, 44;6;
605;20 December 2007;18, 22, 28, 33, 37;14;
604;13 December 2007;3, 11, 16, 20, 25;37;
603;6 December 2007;20, 22, 25, 36, 44;3;
602;29 November 2007;2, 3, 14, 30, 39;2;
601;22 November 2007;2, 3, 20, 36, 37;29;
600;15 November 2007;10, 25, 27, 39, 41;8;
599;8 November 2007;15, 28, 30, 38, 45;1;
598;1 November 2007;5, 20, 22, 24, 34;39;
597;25 October 2007;7, 23, 31, 40, 41;35;
596;18 October 2007;4, 6, 38, 39, 41;23;
595;11 October 2007;11, 18, 22, 29, 39;21;
594;4 October 2007;8, 17, 22, 36, 39;20;
593;27 September 2007;1, 13, 17, 22, 31;21;
592;20 September 2007;12, 18, 36, 42, 45;13;
591;13 September 2007;5, 8, 25, 28, 29;39;
590;6 September 2007;8, 13, 15, 24, 25;22;
589;30 August 2007;1, 7, 19, 33, 40;36;
588;23 August 2007;3, 14, 20, 22, 38;29;
587;16 August 2007;9, 23, 28, 29, 31;21;
586;9 August 2007;8, 18, 24, 41, 45;29;
585;2 August 2007;7, 13, 19, 22, 24;44;
584;26 July 2007;2, 8, 26, 40, 42;14;
583;19 July 2007;18, 32, 37, 40, 44;29;
582;12 July 2007;6, 22, 31, 38, 39;35;
581;5 July 2007;19, 22, 24, 25, 45;5;
580;28 June 2007;14, 18, 22, 38, 40;40;
579;21 June 2007;11, 15, 23, 29, 34;8;
578;14 June 2007;7, 14, 20, 28, 32;14;
577;7 June 2007;3, 16, 21, 26, 31;42;
576;31 May 2007;4, 14, 21, 31, 33;24;
575;24 May 2007;24, 33, 34, 36, 38;43;
574;17 May 2007;2, 5, 18, 19, 32;14;
573;10 May 2007;27, 34, 39, 41, 44;5;
572;3 May 2007;8, 27, 29, 36, 43;23;
571;26 April 2007;17, 22, 24, 26, 43;7;
570;19 April 2007;15, 17, 19, 23, 25;22;
569;12 April 2007;2, 11, 14, 33, 38;32;
568;5 April 2007;2, 9, 12, 14, 22;19;
567;29 March 2007;5, 18, 22, 23, 31;4;
566;22 March 2007;2, 21, 22, 26, 30;33;
565;15 March 2007;1, 22, 30, 38, 41;5;
564;8 March 2007;5, 30, 32, 34, 45;16;
563;1 March 2007;5, 7, 21, 32, 34;7;
562;22 February 2007;10, 16, 17, 26, 34;19;
561;15 February 2007;17, 24, 28, 29, 33;26;
560;8 February 2007;1, 26, 28, 40, 41;17;
559;1 February 2007;7, 12, 27, 32, 39;38;
558;25 January 2007;7, 13, 15, 26, 27;29;
557;18 January 2007;5, 14, 17, 27, 43;29;
556;11 January 2007;5, 18, 38, 39, 43;36;
555;4 January 2007;18, 19, 31, 32, 43;28;
554;28 December 2006;13, 16, 30, 33, 41;44;
553;21 December 2006;14, 28, 30, 34, 37;15;
552;14 December 2006;4, 18, 27, 28, 30;34;
551;7 December 2006;5, 7, 15, 19, 25;30;
550;30 November 2006;3, 10, 21, 34, 44;44;
549;23 November 2006;5, 8, 11, 24, 31;27;
548;16 November 2006;4, 19, 20, 43, 44;28;
547;9 November 2006;23, 29, 40, 42, 44;31;
546;2 November 2006;1, 31, 38, 39, 45;32;
545;26 October 2006;10, 12, 22, 29, 31;32;
544;19 October 2006;4, 5, 7, 12, 23;29;
543;12 October 2006;18, 32, 37, 39, 44;45;
542;5 October 2006;1, 13, 20, 39, 44;23;
541;28 September 2006;11, 23, 29, 40, 43;24;
540;21 September 2006;6, 23, 34, 36, 42;11;
539;14 September 2006;4, 5, 16, 24, 28;36;
538;7 September 2006;6, 10, 24, 34, 45;36;
537;31 August 2006;5, 11, 26, 34, 44;9;
536;24 August 2006;10, 24, 30, 31, 38;11;
535;17 August 2006;9, 10, 18, 28, 31;15;
534;10 August 2006;5, 9, 21, 37, 43;3;
533;3 August 2006;20, 24, 27, 30, 35;4;
532;27 July 2006;8, 11, 12, 15, 27;14;
531;20 July 2006;1, 2, 3, 21, 38;4;
530;13 July 2006;14, 16, 21, 22, 36;1;
529;6 July 2006;1, 8, 15, 16, 22;34;
528;29 June 2006;29, 31, 33, 36, 38;10;
527;22 June 2006;1, 21, 23, 34, 36;7;
526;15 June 2006;21, 23, 30, 40, 42;2;
525;8 June 2006;5, 6, 23, 29, 45;25;
524;1 June 2006;13, 21, 29, 37, 41;39;
523;25 May 2006;16, 27, 33, 40, 43;33;
522;18 May 2006;6, 12, 13, 15, 45;32;
521;11 May 2006;1, 10, 11, 18, 31;45;
520;4 May 2006;1, 12, 16, 27, 30;24;
519;27 April 2006;27, 35, 37, 39, 42;41;
518;20 April 2006;5, 7, 11, 21, 26;14;
517;13 April 2006;2, 12, 30, 32, 39;8;
516;6 April 2006;1, 2, 13, 38, 45;4;
515;30 March 2006;17, 24, 32, 33, 41;17;
514;23 March 2006;2, 12, 13, 24, 34;13;
513;16 March 2006;4, 8, 13, 40, 44;17;
512;9 March 2006;9, 19, 32, 34, 39;42;
511;2 March 2006;8, 36, 40, 42, 43;16;
510;23 February 2006;2, 9, 22, 25, 42;40;
509;16 February 2006;10, 18, 22, 28, 31;17;
508;9 February 2006;11, 21, 33, 38, 41;22;
507;2 February 2006;1, 4, 6, 13, 36;34;
506;26 January 2006;2, 21, 36, 40, 42;2;
505;19 January 2006;23, 29, 30, 35, 43;35;
504;12 January 2006;15, 31, 37, 42, 44;23;
503;5 January 2006;6, 13, 15, 39, 41;17;
502;29 December 2005;1, 3, 30, 36, 40;20;
501;22 December 2005;2, 10, 31, 35, 36;15;
500;15 December 2005;9, 10, 12, 34, 45;34;
499;8 December 2005;5, 7, 11, 34, 39;9;
498;1 December 2005;1, 2, 5, 10, 17;34;
497;24 November 2005;3, 8, 25, 39, 41;13;
496;17 November 2005;3, 7, 9, 18, 36;7;
495;10 November 2005;11, 12, 25, 38, 42;39;
494;3 November 2005;2, 4, 15, 25, 40;29;
493;27 October 2005;13, 22, 27, 38, 42;39;
492;20 October 2005;1, 2, 26, 30, 40;21;
491;13 October 2005;15, 19, 26, 33, 37;12;
490;6 October 2005;4, 11, 29, 32, 41;1;
489;29 September 2005;7, 10, 13, 28, 31;15;
488;22 September 2005;26, 36, 38, 40, 45;24;
487;15 September 2005;9, 32, 38, 40, 41;24;
486;8 September 2005;18, 22, 24, 31, 36;31;
485;1 September 2005;8, 19, 22, 29, 37;36;
484;25 August 2005;13, 14, 22, 34, 42;28;
483;18 August 2005;6, 7, 18, 31, 44;3;
482;11 August 2005;3, 8, 19, 38, 44;27;
481;4 August 2005;10, 12, 17, 37, 44;4;
480;28 July 2005;8, 15, 19, 30, 42;5;
479;21 July 2005;10, 22, 35, 36, 39;14;
478;14 July 2005;12, 24, 37, 38, 41;9;
477;7 July 2005;12, 22, 26, 31, 42;19;
476;30 June 2005;2, 5, 13, 36, 43;37;
475;23 June 2005;6, 23, 27, 33, 41;28;
474;16 June 2005;2, 6, 14, 22, 41;22;
473;9 June 2005;7, 24, 30, 34, 37;41;
472;2 June 2005;11, 24, 27, 30, 43;1;
471;26 May 2005;4, 16, 18, 28, 33;16;
470;19 May 2005;14, 15, 29, 33, 42;45;
469;12 May 2005;11, 16, 30, 43, 45;7;
468;5 May 2005;6, 7, 40, 42, 45;15;
467;28 April 2005;12, 13, 21, 28, 29;28;
466;21 April 2005;5, 6, 14, 41, 45;7;
465;14 April 2005;14, 23, 35, 39, 41;9;
464;7 April 2005;9, 10, 19, 34, 38;7;
463;31 March 2005;24, 25, 32, 37, 42;10;
462;24 March 2005;1, 11, 25, 34, 42;38;
461;17 March 2005;7, 13, 27, 28, 36;2;
460;10 March 2005;6, 27, 28, 40, 43;25;
459;3 March 2005;5, 6, 14, 16, 35;38;
458;24 February 2005;7, 18, 27, 30, 44;14;
457;17 February 2005;10, 12, 17, 19, 45;41;
456;10 February 2005;6, 7, 8, 39, 45;27;
455;3 February 2005;5, 9, 13, 17, 22;7;
454;27 January 2005;6, 19, 22, 33, 36;15;
453;20 January 2005;15, 27, 30, 36, 42;3;
452;13 January 2005;2, 19, 28, 34, 38;1;
451;6 January 2005;3, 24, 29, 34, 39;15;
450;30 December 2004;2, 16, 31, 40, 45;44;
449;23 December 2004;3, 7, 11, 33, 34;21;
448;16 December 2004;1, 8, 35, 39, 40;32;
447;9 December 2004;11, 18, 20, 34, 39;32;
446;2 December 2004;8, 10, 16, 21, 44;38;
445;25 November 2004;18, 27, 31, 33, 41;39;
444;18 November 2004;1, 9, 11, 29, 40;33;
443;11 November 2004;5, 11, 27, 28, 35;12;
442;4 November 2004;1, 6, 8, 41, 44;43;
441;28 October 2004;12, 18, 20, 21, 29;38;
440;21 October 2004;1, 5, 19, 22, 36;11;
439;14 October 2004;17, 18, 32, 35, 40;2;
438;7 October 2004;1, 2, 5, 35, 43;10;
437;30 September 2004;1, 7, 23, 30, 32;22;
436;23 September 2004;16, 21, 24, 33, 38;31;
435;16 September 2004;14, 26, 28, 42, 43;6;
434;9 September 2004;16, 29, 30, 34, 44;3;
433;2 September 2004;22, 25, 26, 37, 40;5;
432;26 August 2004;20, 23, 26, 31, 39;2;
431;19 August 2004;14, 18, 29, 32, 43;9;
430;12 August 2004;2, 14, 29, 39, 42;30;
429;5 August 2004;2, 11, 20, 27, 39;43;
428;29 July 2004;5, 8, 9, 19, 28;16;
427;22 July 2004;1, 10, 21, 35, 37;29;
426;15 July 2004;4, 9, 20, 37, 40;44;
425;8 July 2004;11, 12, 19, 25, 30;17;
424;1 July 2004;12, 15, 21, 29, 30;29;
423;24 June 2004;11, 18, 36, 41, 45;37;
422;17 June 2004;2, 13, 16, 21, 32;6;
421;10 June 2004;15, 17, 19, 25, 34;30;
420;3 June 2004;4, 11, 17, 22, 36;14;
419;27 May 2004;3, 8, 9, 24, 42;18;
418;20 May 2004;9, 15, 29, 31, 39;25;
417;13 May 2004;7, 23, 25, 36, 45;33;
416;6 May 2004;11, 14, 20, 26, 42;31;
415;29 April 2004;7, 9, 17, 30, 33;45;
414;22 April 2004;5, 9, 28, 32, 34;6;
413;15 April 2004;4, 10, 11, 25, 34;2;
412;8 April 2004;7, 12, 31, 43, 45;7;
411;1 April 2004;1, 25, 32, 34, 39;42;
410;25 March 2004;5, 11, 12, 21, 31;8;
409;18 March 2004;17, 23, 31, 35, 42;24;
408;11 March 2004;1, 4, 22, 25, 37;27;
407;4 March 2004;5, 11, 24, 28, 40;22;
406;26 February 2004;6, 19, 26, 30, 40;23;
405;19 February 2004;7, 11, 19, 38, 44;32;
404;12 February 2004;3, 6, 7, 24, 38;30;
403;5 February 2004;1, 18, 19, 31, 33;19;
402;29 January 2004;5, 6, 12, 34, 45;19;
401;22 January 2004;4, 24, 33, 34, 45;36;
400;15 January 2004;6, 9, 17, 23, 40;28;
399;8 January 2004;26, 27, 34, 38, 42;8;
398;1 January 2004;1, 18, 33, 36, 45;42;
397;25 December 2003;3, 10, 18, 24, 30;9;
396;18 December 2003;3, 22, 30, 36, 40;12;
395;11 December 2003;2, 19, 22, 27, 36;29;
394;4 December 2003;12, 19, 31, 39, 42;43;
393;27 November 2003;26, 35, 40, 42, 43;37;
392;20 November 2003;4, 12, 16, 26, 35;22;
391;13 November 2003;19, 20, 29, 34, 35;5;
390;6 November 2003;8, 36, 39, 44, 45;15;
389;30 October 2003;3, 11, 19, 28, 35;45;
388;23 October 2003;21, 26, 29, 38, 43;4;
387;16 October 2003;2, 12, 18, 26, 42;12;
386;9 October 2003;6, 11, 34, 37, 38;16;
385;2 October 2003;1, 24, 30, 44, 45;13;
384;25 September 2003;2, 14, 26, 31, 33;44;
383;18 September 2003;19, 27, 29, 39, 44;41;
382;11 September 2003;11, 23, 25, 34, 42;10;
381;4 September 2003;3, 5, 12, 35, 45;42;
380;28 August 2003;5, 9, 12, 13, 27;42;
379;21 August 2003;17, 24, 26, 34, 45;36;
378;14 August 2003;24, 30, 34, 36, 42;15;
377;7 August 2003;4, 11, 13, 32, 44;17;
376;31 July 2003;2, 24, 25, 35, 39;36;
375;24 July 2003;12, 17, 18, 20, 33;19;
374;17 July 2003;9, 16, 24, 25, 34;11;
373;10 July 2003;5, 16, 17, 18, 22;17;
372;3 July 2003;2, 4, 8, 24, 32;12;
371;26 June 2003;6, 7, 14, 31, 33;28;
370;19 June 2003;5, 6, 16, 31, 35;38;
369;12 June 2003;2, 4, 8, 36, 43;29;
368;5 June 2003;1, 5, 9, 25, 29;31;
367;29 May 2003;7, 9, 10, 29, 38;42;
366;22 May 2003;3, 34, 37, 40, 41;18;
365;15 May 2003;4, 8, 21, 33, 36;26;
364;8 May 2003;5, 9, 19, 22, 26;7;
363;1 May 2003;15, 24, 25, 31, 38;38;
362;24 April 2003;13, 17, 23, 33, 38;26;
361;17 April 2003;3, 9, 21, 29, 39;4;
360;10 April 2003;4, 6, 21, 23, 44;32;
359;3 April 2003;1, 11, 16, 41, 42;39;
358;27 March 2003;1, 13, 14, 22, 44;18;
357;20 March 2003;12, 14, 40, 41, 43;24;
356;13 March 2003;4, 18, 29, 30, 35;4;
355;6 March 2003;8, 24, 37, 38, 45;11;
354;27 February 2003;1, 6, 12, 15, 39;28;
353;20 February 2003;4, 21, 24, 26, 38;18;
352;13 February 2003;4, 5, 10, 30, 39;25;
351;6 February 2003;1, 23, 28, 35, 42;40;
350;30 January 2003;3, 23, 30, 31, 40;18;
349;23 January 2003;10, 11, 19, 39, 45;8;
348;16 January 2003;10, 23, 35, 38, 45;19;
347;9 January 2003;13, 15, 20, 24, 41;32;
346;2 January 2003;9, 12, 28, 31, 43;6;
345;26 December 2002;5, 8, 9, 10, 26;2;
344;19 December 2002;8, 28, 34, 39, 42;1;
343;12 December 2002;6, 7, 10, 27, 40;40;
342;5 December 2002;12, 16, 25, 29, 37;22;
341;28 November 2002;6, 11, 22, 23, 35;42;
340;21 November 2002;14, 21, 40, 41, 44;16;
339;14 November 2002;1, 30, 32, 33, 36;31;
338;7 November 2002;8, 30, 33, 35, 36;1;
337;31 October 2002;7, 14, 16, 19, 45;24;
336;24 October 2002;5, 21, 25, 33, 45;22;
335;17 October 2002;4, 5, 11, 27, 28;16;
334;10 October 2002;8, 19, 28, 29, 45;22;
333;3 October 2002;1, 4, 18, 23, 32;35;
332;26 September 2002;6, 24, 27, 38, 41;35;
331;19 September 2002;1, 25, 34, 37, 41;40;
330;12 September 2002;8, 22, 26, 27, 32;32;
329;5 September 2002;8, 12, 26, 39, 41;18;
328;29 August 2002;3, 9, 21, 29, 45;11;
327;22 August 2002;16, 18, 29, 36, 39;33;
326;15 August 2002;6, 15, 32, 36, 41;26;
325;8 August 2002;3, 14, 16, 21, 42;3;
324;1 August 2002;2, 13, 14, 23, 31;31;
323;25 July 2002;33, 34, 38, 39, 41;20;
322;18 July 2002;12, 36, 37, 40, 45;19;
321;11 July 2002;20, 26, 27, 34, 41;26;
320;4 July 2002;10, 11, 21, 36, 43;21;
319;27 June 2002;8, 12, 20, 42, 45;1;
318;20 June 2002;10, 16, 23, 24, 33;16;
317;13 June 2002;9, 15, 21, 22, 44;9;
316;6 June 2002;3, 6, 30, 32, 42;37;
315;30 May 2002;9, 15, 34, 42, 45;4;
314;23 May 2002;12, 17, 18, 19, 32;11;
313;16 May 2002;3, 8, 13, 15, 28;40;
312;9 May 2002;14, 23, 36, 41, 43;39;
311;2 May 2002;5, 18, 20, 24, 45;28;
310;25 April 2002;5, 18, 27, 31, 42;25;
309;18 April 2002;7, 18, 20, 31, 34;19;
308;11 April 2002;6, 17, 19, 25, 44;28;
307;4 April 2002;10, 15, 29, 40, 41;23;
306;28 March 2002;4, 32, 39, 42, 44;27;
305;21 March 2002;1, 22, 34, 36, 42;18;
304;14 March 2002;12, 26, 28, 39, 40;2;
303;7 March 2002;6, 20, 22, 32, 44;39;
302;28 February 2002;7, 14, 22, 37, 43;40;
301;21 February 2002;2, 16, 19, 29, 43;5;
300;14 February 2002;11, 15, 17, 27, 40;8;
299;7 February 2002;21, 22, 27, 34, 44;33;
298;31 January 2002;1, 2, 4, 26, 28;33;
297;24 January 2002;11, 23, 24, 29, 32;17;
296;17 January 2002;4, 7, 18, 21, 31;14;
295;10 January 2002;2, 4, 13, 24, 44;15;
294;3 January 2002;3, 6, 15, 35, 43;19;
293;27 December 2001;2, 23, 36, 38, 40;14;
292;20 December 2001;2, 6, 15, 22, 30;4;
291;13 December 2001;7, 18, 27, 28, 38;32;
290;6 December 2001;1, 14, 29, 30, 33;43;
289;29 November 2001;6, 9, 15, 27, 37;35;
288;22 November 2001;2, 4, 21, 24, 28;23;
287;15 November 2001;4, 13, 16, 22, 26;11;
286;8 November 2001;3, 8, 13, 33, 37;26;
285;1 November 2001;2, 5, 20, 21, 38;40;
284;25 October 2001;3, 14, 18, 23, 30;28;
283;18 October 2001;1, 2, 7, 10, 14;44;
282;11 October 2001;12, 19, 21, 25, 44;19;
281;4 October 2001;7, 9, 28, 36, 38;32;
280;27 September 2001;6, 13, 20, 34, 45;33;
279;20 September 2001;3, 5, 38, 41, 45;28;
278;13 September 2001;8, 9, 13, 23, 25;35;
277;6 September 2001;4, 10, 21, 24, 42;7;
276;30 August 2001;6, 19, 27, 42, 44;26;
275;23 August 2001;13, 26, 29, 31, 36;28;
274;16 August 2001;5, 8, 29, 41, 43;45;
273;9 August 2001;1, 15, 16, 21, 41;6;
272;2 August 2001;4, 16, 23, 25, 26;36;
271;26 July 2001;11, 12, 25, 30, 37;30;
270;19 July 2001;4, 13, 25, 28, 37;29;
269;12 July 2001;35, 36, 37, 40, 43;15;
268;5 July 2001;15, 26, 43, 44, 45;15;
267;28 June 2001;2, 13, 23, 24, 35;15;
266;21 June 2001;6, 14, 22, 37, 42;4;
265;14 June 2001;3, 16, 24, 26, 40;19;
264;7 June 2001;3, 27, 32, 40, 41;22;
263;31 May 2001;5, 10, 13, 14, 44;19;
262;24 May 2001;11, 19, 20, 22, 23;45;
261;17 May 2001;1, 5, 6, 25, 34;15;
260;10 May 2001;7, 13, 18, 40, 42;7;
259;3 May 2001;10, 11, 28, 32, 37;3;
258;26 April 2001;6, 19, 26, 34, 40;16;
257;19 April 2001;29, 30, 31, 37, 41;19;
256;12 April 2001;19, 24, 33, 35, 41;9;
255;5 April 2001;2, 13, 17, 22, 33;37;
254;29 March 2001;8, 11, 25, 33, 45;40;
253;22 March 2001;3, 13, 16, 26, 40;16;
252;15 March 2001;5, 19, 33, 37, 41;34;
251;8 March 2001;3, 4, 6, 19, 35;20;
250;1 March 2001;4, 8, 19, 24, 45;34;
249;22 February 2001;3, 8, 16, 19, 43;26;
248;15 February 2001;15, 16, 19, 27, 36;24;
247;8 February 2001;9, 12, 36, 39, 42;18;
246;1 February 2001;1, 7, 34, 37, 44;15;
245;25 January 2001;3, 6, 8, 13, 27;19;
244;18 January 2001;9, 16, 23, 29, 31;44;
243;11 January 2001;5, 24, 25, 27, 34;27;
242;4 January 2001;13, 25, 31, 36, 37;44;
241;28 December 2000;5, 25, 33, 38, 45;21;
240;21 December 2000;17, 21, 30, 42, 43;20;
239;14 December 2000;6, 21, 24, 26, 39;28;
238;7 December 2000;10, 22, 23, 34, 43;18;
237;30 November 2000;1, 13, 19, 37, 43;6;
236;23 November 2000;4, 8, 15, 32, 38;10;
235;16 November 2000;1, 29, 36, 38, 42;37;
234;9 November 2000;7, 12, 13, 25, 40;30;
233;2 November 2000;9, 13, 19, 36, 37;41;
232;26 October 2000;2, 30, 35, 40, 41;24;
231;19 October 2000;16, 24, 28, 29, 31;33;
230;12 October 2000;8, 12, 14, 24, 38;44;
229;5 October 2000;3, 15, 18, 33, 39;45;
228;28 September 2000;9, 12, 30, 44, 45;33;
227;21 September 2000;21, 23, 25, 27, 33;41;
226;14 September 2000;1, 11, 15, 24, 45;17;
225;7 September 2000;1, 24, 33, 43, 44;30;
224;31 August 2000;10, 15, 26, 37, 40;34;
223;24 August 2000;2, 11, 15, 30, 43;30;
222;17 August 2000;2, 15, 26, 29, 41;10;
221;10 August 2000;2, 11, 15, 21, 27;35;
220;3 August 2000;13, 17, 32, 33, 38;40;
219;27 July 2000;7, 16, 25, 27, 44;15;
218;20 July 2000;18, 23, 25, 38, 39;10;
217;13 July 2000;13, 17, 29, 34, 38;4;
216;6 July 2000;3, 11, 17, 22, 27;4;
215;29 June 2000;3, 9, 21, 24, 30;27;
214;22 June 2000;14, 21, 35, 43, 44;38;
213;15 June 2000;13, 15, 39, 40, 45;26;
212;8 June 2000;5, 13, 20, 26, 31;2;
211;1 June 2000;12, 20, 34, 39, 45;34;
210;25 May 2000;7, 17, 20, 24, 26;31;
209;18 May 2000;1, 2, 23, 30, 44;12;
208;11 May 2000;10, 17, 19, 21, 37;2;
207;4 May 2000;3, 21, 34, 35, 38;30;
206;27 April 2000;22, 33, 37, 39, 45;7;
205;20 April 2000;1, 14, 15, 20, 25;3;
204;13 April 2000;5, 13, 23, 31, 44;45;
203;6 April 2000;14, 17, 25, 27, 38;40;
202;30 March 2000;4, 28, 30, 33, 42;17;
201;23 March 2000;8, 17, 18, 26, 29;20;
200;16 March 2000;3, 6, 16, 29, 44;32;
199;9 March 2000;8, 13, 32, 39, 45;26;
198;2 March 2000;3, 11, 13, 19, 38;35;
197;24 February 2000;6, 26, 28, 42, 44;8;
196;17 February 2000;5, 9, 12, 40, 45;10;
195;10 February 2000;12, 14, 17, 24, 39;36;
194;3 February 2000;8, 16, 17, 27, 29;2;
193;27 January 2000;7, 15, 17, 23, 40;28;
192;20 January 2000;4, 7, 10, 25, 36;5;
191;13 January 2000;15, 19, 24, 28, 39;15;
190;6 January 2000;2, 7, 8, 27, 45;16;
189;30 December 1999;23, 26, 37, 41, 44;33;
188;23 December 1999;25, 35, 37, 41, 45;45;
187;16 December 1999;1, 14, 15, 17, 43;18;
186;9 December 1999;13, 31, 33, 35, 45;31;
185;2 December 1999;8, 20, 30, 36, 39;39;
184;25 November 1999;3, 8, 15, 29, 31;31;
183;18 November 1999;5, 9, 33, 35, 38;29;
182;11 November 1999;12, 15, 17, 22, 24;26;
181;4 November 1999;4, 17, 27, 28, 29;43;
180;28 October 1999;16, 18, 23, 34, 35;13;
179;21 October 1999;5, 16, 17, 32, 33;27;
178;14 October 1999;7, 18, 22, 26, 35;11;
177;7 October 1999;11, 19, 22, 30, 32;19;
176;30 September 1999;5, 14, 16, 20, 29;45;
175;23 September 1999;19, 20, 26, 39, 45;18;
174;16 September 1999;5, 7, 16, 18, 43;6;
173;9 September 1999;4, 19, 22, 33, 40;28;
172;2 September 1999;2, 3, 37, 41, 44;11;
171;26 August 1999;16, 31, 39, 43, 44;40;
170;19 August 1999;11, 23, 35, 39, 45;4;
169;12 August 1999;12, 17, 20, 30, 41;37;
168;5 August 1999;14, 15, 23, 24, 25;3;
167;29 July 1999;2, 13, 16, 17, 34;31;
166;22 July 1999;26, 29, 30, 44, 45;45;
165;15 July 1999;7, 27, 32, 33, 35;26;
164;8 July 1999;2, 12, 19, 22, 28;43;
163;1 July 1999;12, 16, 20, 23, 30;16;
162;24 June 1999;2, 10, 27, 28, 38;20;
161;17 June 1999;5, 15, 39, 40, 43;20;
160;10 June 1999;2, 7, 12, 20, 41;13;
159;3 June 1999;5, 8, 12, 33, 45;14;
158;27 May 1999;1, 9, 23, 25, 41;23;
157;20 May 1999;2, 33, 37, 39, 43;3;
156;13 May 1999;9, 10, 33, 34, 45;6;
155;6 May 1999;12, 18, 23, 24, 25;39;
154;29 April 1999;1, 15, 18, 28, 34;45;
153;22 April 1999;7, 18, 26, 31, 41;6;
152;15 April 1999;2, 6, 9, 10, 29;2;
151;8 April 1999;6, 20, 23, 28, 37;44;
150;1 April 1999;7, 18, 27, 37, 44;39;
149;25 March 1999;6, 9, 13, 16, 44;42;
148;18 March 1999;34, 38, 39, 41, 43;29;
147;11 March 1999;8, 11, 21, 35, 40;24;
146;4 March 1999;4, 9, 14, 35, 41;6;
145;25 February 1999;8, 16, 17, 18, 33;39;
144;18 February 1999;7, 13, 22, 43, 45;33;
143;11 February 1999;11, 17, 23, 34, 40;26;
142;4 February 1999;18, 25, 29, 35, 42;12;
141;28 January 1999;3, 4, 15, 33, 41;44;
140;21 January 1999;5, 18, 20, 24, 41;24;
139;14 January 1999;1, 16, 26, 32, 39;26;
138;7 January 1999;1, 4, 18, 28, 40;6;
137;31 December 1998;4, 19, 27, 31, 41;39;
136;24 December 1998;8, 20, 27, 39, 40;4;
135;17 December 1998;7, 12, 36, 37, 45;13;
134;10 December 1998;4, 7, 12, 20, 31;41;
133;3 December 1998;10, 22, 25, 29, 41;38;
132;26 November 1998;11, 15, 24, 25, 28;33;
131;19 November 1998;7, 10, 12, 20, 42;18;
130;12 November 1998;8, 18, 20, 31, 38;19;
129;5 November 1998;5, 15, 35, 38, 39;12;
128;29 October 1998;10, 25, 33, 34, 42;33;
127;22 October 1998;7, 17, 32, 40, 45;44;
126;15 October 1998;12, 22, 28, 35, 44;42;
125;8 October 1998;3, 10, 19, 24, 37;5;
124;1 October 1998;4, 11, 16, 30, 36;38;
123;24 September 1998;1, 14, 15, 17, 34;14;
122;17 September 1998;25, 33, 34, 37, 38;1;
121;10 September 1998;1, 14, 19, 20, 32;18;
120;3 September 1998;6, 7, 22, 31, 41;10;
119;27 August 1998;16, 19, 28, 31, 41;45;
118;20 August 1998;11, 16, 17, 42, 45;14;
117;13 August 1998;15, 17, 20, 27, 28;4;
116;6 August 1998;5, 24, 26, 27, 39;28;
115;30 July 1998;3, 11, 20, 27, 37;34;
114;23 July 1998;14, 17, 21, 32, 42;24;
113;16 July 1998;20, 22, 33, 37, 44;18;
112;9 July 1998;5, 20, 21, 27, 41;38;
111;2 July 1998;8, 14, 26, 33, 35;15;
110;25 June 1998;4, 8, 29, 40, 41;37;
109;18 June 1998;9, 11, 19, 31, 38;39;
108;11 June 1998;3, 24, 28, 30, 44;25;
107;4 June 1998;14, 28, 31, 32, 44;31;
106;28 May 1998;11, 25, 37, 38, 41;20;
105;21 May 1998;3, 4, 10, 22, 33;45;
104;14 May 1998;1, 5, 24, 27, 29;34;
103;7 May 1998;9, 10, 28, 41, 42;27;
102;30 April 1998;11, 22, 32, 34, 42;21;
101;23 April 1998;2, 3, 9, 27, 35;3;
100;16 April 1998;9, 21, 28, 38, 44;32;
99;9 April 1998;19, 21, 22, 25, 31;20;
98;2 April 1998;2, 8, 17, 38, 42;25;
97;26 March 1998;7, 18, 19, 25, 31;31;
96;19 March 1998;4, 9, 12, 32, 40;1;
95;12 March 1998;8, 20, 28, 34, 39;1;
94;5 March 1998;9, 14, 16, 17, 19;23;
93;26 February 1998;12, 21, 22, 29, 45;24;
92;19 February 1998;9, 10, 14, 20, 39;18;
91;12 February 1998;9, 17, 19, 20, 39;44;
90;5 February 1998;6, 12, 16, 21, 26;32;
89;29 January 1998;2, 12, 13, 28, 43;26;
88;22 January 1998;5, 11, 12, 34, 40;7;
87;15 January 1998;4, 13, 15, 21, 30;10;
86;8 January 1998;2, 15, 16, 31, 32;26;
85;1 January 1998;8, 11, 15, 19, 20;43;
84;25 December 1997;7, 15, 22, 35, 40;45;
83;18 December 1997;10, 16, 17, 22, 32;43;
82;11 December 1997;3, 10, 14, 23, 44;7;
81;4 December 1997;3, 5, 12, 31, 44;29;
80;27 November 1997;4, 5, 7, 22, 41;24;
79;20 November 1997;9, 27, 35, 37, 43;3;
78;13 November 1997;5, 13, 15, 19, 33;11;
77;6 November 1997;2, 3, 4, 32, 39;44;
76;30 October 1997;8, 10, 20, 22, 28;43;
75;23 October 1997;7, 12, 39, 41, 45;34;
74;16 October 1997;1, 15, 22, 38, 45;38;
73;9 October 1997;6, 14, 15, 18, 23;25;
72;2 October 1997;8, 14, 35, 37, 39;32;
71;25 September 1997;13, 18, 21, 31, 38;30;
70;18 September 1997;22, 29, 30, 33, 45;10;
69;11 September 1997;7, 9, 30, 33, 43;8;
68;4 September 1997;1, 2, 12, 35, 39;40;
67;28 August 1997;5, 6, 29, 36, 37;12;
66;21 August 1997;7, 14, 16, 36, 41;29;
65;14 August 1997;2, 5, 7, 36, 38;27;
64;7 August 1997;2, 35, 36, 37, 38;39;
63;31 July 1997;7, 12, 25, 37, 40;22;
62;24 July 1997;10, 13, 19, 23, 25;22;
61;17 July 1997;16, 21, 38, 40, 43;33;
60;10 July 1997;20, 21, 26, 28, 36;19;
59;3 July 1997;21, 22, 24, 30, 42;31;
58;26 June 1997;5, 12, 23, 27, 36;4;
57;19 June 1997;4, 13, 25, 28, 36;27;
56;12 June 1997;1, 4, 5, 34, 45;21;
55;5 June 1997;23, 24, 27, 39, 44;11;
54;29 May 1997;3, 8, 10, 14, 26;37;
53;22 May 1997;4, 5, 7, 25, 34;32;
52;15 May 1997;9, 18, 21, 29, 32;10;
51;8 May 1997;2, 17, 22, 41, 45;18;
50;1 May 1997;12, 19, 29, 39, 44;17;
49;24 April 1997;18, 33, 35, 38, 39;24;
48;17 April 1997;3, 5, 23, 29, 38;8;
47;10 April 1997;11, 14, 17, 26, 44;1;
46;3 April 1997;7, 8, 10, 32, 43;38;
45;27 March 1997;9, 15, 29, 35, 37;43;
44;20 March 1997;14, 20, 24, 28, 29;42;
43;13 March 1997;13, 17, 20, 26, 42;8;
42;6 March 1997;1, 11, 28, 34, 38;27;
41;27 February 1997;20, 21, 32, 33, 40;24;
40;20 February 1997;9, 20, 24, 40, 43;33;
39;13 February 1997;6, 15, 17, 39, 43;5;
38;6 February 1997;6, 10, 19, 25, 29;31;
37;30 January 1997;3, 5, 13, 19, 33;23;
36;23 January 1997;7, 18, 21, 27, 37;1;
35;16 January 1997;1, 5, 17, 28, 39;30;
34;9 January 1997;7, 22, 39, 41, 43;38;
33;2 January 1997;1, 11, 16, 22, 24;26;
32;26 December 1996;5, 8, 15, 19, 24;3;
31;19 December 1996;6, 10, 12, 22, 27;38;
30;12 December 1996;2, 8, 13, 22, 35;42;
29;5 December 1996;5, 6, 17, 20, 30;13;
28;28 November 1996;5, 20, 24, 30, 36;19;
27;21 November 1996;2, 18, 24, 27, 42;12;
26;14 November 1996;3, 10, 30, 42, 43;12;
25;7 November 1996;4, 19, 21, 23, 36;23;
24;31 October 1996;4, 5, 19, 42, 45;26;
23;24 October 1996;15, 24, 26, 34, 43;7;
22;17 October 1996;6, 9, 17, 23, 28;45;
21;10 October 1996;6, 10, 15, 18, 35;16;
20;3 October 1996;9, 14, 26, 35, 45;36;
19;26 September 1996;2, 15, 26, 36, 45;17;
18;19 September 1996;9, 18, 21, 29, 30;34;
17;12 September 1996;3, 6, 8, 27, 45;33;
16;5 September 1996;6, 16, 22, 29, 41;35;
15;29 August 1996;5, 8, 11, 20, 31;4;
14;22 August 1996;5, 8, 9, 24, 42;4;
13;15 August 1996;7, 14, 22, 33, 42;17;
12;8 August 1996;22, 25, 36, 41, 44;7;
11;1 August 1996;2, 19, 25, 30, 36;32;
10;25 July 1996;4, 9, 11, 23, 43;24;
9;18 July 1996;9, 12, 14, 23, 43;2;
8;11 July 1996;14, 26, 28, 38, 40;29;
7;4 July 1996;3, 7, 12, 16, 34;1;
6;27 June 1996;1, 3, 10, 35, 41;45;
5;20 June 1996;3, 15, 30, 33, 39;39;
4;13 June 1996;25, 37, 40, 42, 43;17;
3;6 June 1996;4, 32, 33, 36, 40;44;
2;30 May 1996;6, 8, 15, 23, 44;5;
1;23 May 1996;2, 8, 27, 30, 42;3;