Draw No;Date;N1;N2;N3;N4;N5;N6;S1;S2;Total Winners
4655;28/02/2026;7;13;21;31;35;44;30;34;1028595
4653;21/02/2026;4;11;26;30;42;43;27;29;1096340
4651;14/02/2026;3;6;7;12;14;22;20;43;1988813
4649;07/02/2026;3;8;9;27;33;41;15;25;956039
4647;31/01/2026;9;20;33;34;42;45;7;29;797908
4645;24/01/2026;8;22;24;28;29;33;19;27;1003809
4643;17/01/2026;8;9;19;35;38;44;23;33;943205
4641;10/01/2026;1;8;23;25;30;41;32;37;1291194
4639;03/01/2026;9;10;13;19;21;36;2;39;3138274
4637;27/12/2025;3;5;20;26;28;40;22;42;992695
4635;20/12/2025;8;19;31;32;41;43;6;14;834815
4633;13/12/2025;6;17;20;28;32;35;25;41;909857
4631;06/12/2025;5;10;17;33;42;45;31;44;881040
4629;29/11/2025;5;10;17;22;36;44;3;11;929386
4627;22/11/2025;7;12;15;31;39;42;5;8;924771
4625;15/11/2025;1;19;33;36;39;41;20;25;882042
4623;08/11/2025;1;13;14;16;28;41;34;39;1090873
4621;01/11/2025;13;17;21;28;31;42;15;36;1749040
4619;25/10/2025;13;14;23;29;40;41;1;17;867115
4617;18/10/2025;7;10;18;19;32;38;28;43;985277
4615;11/10/2025;9;21;32;33;37;43;17;30;884061
4613;04/10/2025;2;3;10;16;32;42;11;35;885027
4611;27/09/2025;4;14;16;25;29;37;6;10;907588
4609;20/09/2025;5;10;25;26;27;38;15;34;983257
4607;13/09/2025;2;13;15;18;31;40;26;36;1234426
4605;06/09/2025;6;10;16;21;42;43;23;36;1766514
4603;30/08/2025;4;5;9;10;28;36;2;14;1020282
4601;23/08/2025;2;10;28;33;44;45;8;26;865692
4599;16/08/2025;1;6;15;18;23;38;24;32;998813
4597;09/08/2025;4;10;14;40;41;45;3;6;896711
4595;02/08/2025;1;21;24;40;43;45;9;16;1140289
4593;26/07/2025;2;17;23;40;42;44;27;39;1977423
4591;19/07/2025;7;15;17;22;36;42;9;34;983257
4589;12/07/2025;9;23;29;35;36;37;20;31;883964
4587;05/07/2025;4;6;13;14;17;19;1;11;1135481
4585;28/06/2025;21;32;34;39;41;44;16;22;833587
4583;21/06/2025;1;6;10;24;30;42;16;18;1860900
4581;14/06/2025;1;6;10;17;19;28;14;35;1137341
4579;07/06/2025;11;13;22;26;30;36;24;45;1030152
4577;31/05/2025;5;7;9;23;27;45;13;36;1100827
4575;24/05/2025;5;13;33;35;36;37;10;18;884552
4573;17/05/2025;9;19;31;37;40;44;5;11;857364
4571;10/05/2025;1;18;25;35;38;45;4;16;1671765
4569;03/05/2025;16;27;29;30;34;43;2;40;871694
4567;26/04/2025;1;7;21;32;38;42;13;24;948054
4565;19/04/2025;10;14;19;21;28;44;23;33;1018651
4563;12/04/2025;3;6;13;17;22;45;29;31;1001216
4561;05/04/2025;3;10;23;27;42;43;6;18;962512
4559;29/03/2025;1;3;17;21;36;41;24;30;1758207
4557;22/03/2025;11;16;29;34;42;45;14;18;881905
4555;15/03/2025;3;13;15;16;27;30;19;33;1083425
4553;08/03/2025;2;16;18;28;29;38;4;25;939802
4551;01/03/2025;3;6;11;12;13;37;2;44;1159406
4549;22/02/2025;2;5;26;28;31;39;7;8;1184425
4547;15/02/2025;8;18;19;31;41;43;9;11;1892961
4545;08/02/2025;6;15;25;35;40;42;20;38;905662
4543;01/02/2025;1;7;8;12;18;41;16;32;1076542
4541;25/01/2025;8;12;15;21;28;34;3;44;995124
4539;18/01/2025;7;11;15;19;34;45;32;42;1056953
4537;11/01/2025;6;8;18;19;29;38;15;45;1395634
4535;04/01/2025;8;10;19;23;31;33;13;42;3310471
4533;28/12/2024;4;12;26;29;40;41;31;34;961918
4531;21/12/2024;9;18;25;27;38;44;7;23;962668
4529;14/12/2024;6;7;11;21;30;35;13;29;1168195
4527;07/12/2024;1;7;11;13;16;35;5;14;1169486
4525;30/11/2024;8;13;16;30;39;41;28;38;905863
4523;23/11/2024;3;6;17;25;40;42;7;28;883358
4521;16/11/2024;5;6;8;29;38;44;1;9;918966
4519;09/11/2024;5;6;30;37;39;43;17;45;827109
4517;02/11/2024;1;3;6;10;18;42;5;40;1107130
4515;26/10/2024;1;25;29;35;42;43;19;31;1673523
4513;19/10/2024;5;15;22;26;33;43;4;11;943083
4511;12/10/2024;2;8;10;21;28;45;27;30;1061000
4509;05/10/2024;13;15;18;24;27;30;26;41;1096724
4507;28/09/2024;15;19;29;34;37;40;6;44;914128
4505;21/09/2024;6;21;24;29;32;42;25;30;939118
4503;14/09/2024;6;14;22;32;34;38;19;41;937131
4501;07/09/2024;7;13;15;16;20;38;26;41;1391385
4499;31/08/2024;4;6;15;20;32;39;1;30;1897989
4497;24/08/2024;5;8;42;43;44;45;24;32;869717
4495;17/08/2024;1;3;15;23;25;41;11;45;948437
4493;10/08/2024;4;10;37;38;42;45;15;36;828070
4491;03/08/2024;10;11;12;13;41;45;28;40;945588
4489;27/07/2024;4;11;20;27;37;45;10;15;1931604
4487;20/07/2024;17;23;25;29;30;31;6;14;984173
4485;13/07/2024;1;2;18;21;24;36;14;27;972121
4483;06/07/2024;3;4;15;20;26;44;7;35;1204965
4481;29/06/2024;10;21;24;30;44;45;28;31;2112749
4479;22/06/2024;2;22;35;37;38;40;9;44;836842
4477;15/06/2024;12;23;34;36;38;40;8;30;840173
4475;08/06/2024;3;13;14;24;30;32;33;40;972983
4473;01/06/2024;5;21;22;28;39;42;13;29;958992
4471;25/05/2024;8;10;22;35;36;38;11;23;959636
4469;18/05/2024;9;13;20;26;32;43;14;34;1098014
4467;11/05/2024;17;20;21;31;41;44;18;37;1639831
4465;04/05/2024;5;12;14;26;29;42;9;41;972809
4463;27/04/2024;1;7;20;26;34;39;8;10;921663
4461;20/04/2024;6;16;19;25;43;44;4;14;878403
4459;13/04/2024;1;3;16;18;19;25;7;33;1084922
4457;06/04/2024;5;6;14;36;37;45;28;31;840017
4455;30/03/2024;9;12;15;42;43;44;18;36;844217
4453;23/03/2024;1;12;16;17;19;32;27;34;1011907
4451;16/03/2024;3;17;28;35;40;44;26;33;1689413
4449;09/03/2024;2;3;11;17;25;31;15;24;1087103
4447;02/03/2024;5;8;15;18;19;30;7;26;1178252
4445;24/02/2024;16;17;26;38;39;42;32;37;922538
4443;17/02/2024;7;11;22;25;28;34;32;35;1241362
4441;10/02/2024;1;2;12;13;20;42;3;15;2355931
4439;03/02/2024;3;11;19;22;23;29;20;30;1384254
4437;27/01/2024;5;8;13;24;29;36;15;40;1024057
4435;20/01/2024;11;22;27;33;35;37;1;8;1013469
4433;13/01/2024;8;33;37;39;40;41;2;35;856050
4431;06/01/2024;12;13;17;34;36;42;38;41;1200991
4429;30/12/2023;6;14;23;24;35;40;18;31;949403
4427;23/12/2023;9;17;18;19;31;33;25;41;939470
4425;16/12/2023;3;14;17;20;26;42;18;40;1001296
4423;09/12/2023;2;10;12;19;21;35;5;30;1018377
4421;02/12/2023;6;12;15;16;21;25;2;27;938996
4419;25/11/2023;4;7;10;18;33;41;11;36;1000407
4417;18/11/2023;1;10;14;16;17;29;25;38;1046422
4415;11/11/2023;5;6;9;15;20;31;2;18;925046
4413;04/11/2023;8;11;12;15;20;41;14;44;948830
4411;28/10/2023;3;5;8;14;24;37;6;28;950014
4409;21/10/2023;6;12;13;16;27;34;1;32;1050041
4407;14/10/2023;2;6;10;20;25;28;14;44;951278
4405;07/10/2023;8;11;12;17;19;44;13;29;941201
4403;30/09/2023;6;10;12;21;29;38;24;41;1048610
4401;23/09/2023;3;7;9;21;25;34;2;31;1082293
4399;16/09/2023;1;6;13;20;32;41;8;27;972114
4397;09/09/2023;4;11;17;22;30;38;9;24;1002817
4395;02/09/2023;2;5;18;26;33;44;7;31;956230
4393;26/08/2023;3;14;21;25;34;40;12;36;1045128
4391;19/08/2023;6;9;12;27;35;43;4;18;998641
4389;12/08/2023;7;15;19;28;37;42;10;22;1012044
4387;05/08/2023;8;16;20;24;31;39;3;29;947208
4385;29/07/2023;5;10;13;23;36;41;11;32;965774
4383;22/07/2023;9;18;21;26;33;45;14;34;1094475
4381;15/07/2023;2;4;12;30;38;40;6;17;918264
4379;08/07/2023;1;7;14;19;27;35;3;20;964553
4377;01/07/2023;6;11;22;25;31;42;9;28;1033228
4375;24/06/2023;4;8;16;24;33;39;5;26;957841
4373;17/06/2023;10;15;21;29;36;43;13;34;1017430
4371;10/06/2023;3;12;18;27;30;44;7;25;976511
4369;03/06/2023;2;6;14;23;35;41;11;32;986420
4367;27/05/2023;5;9;20;28;37;45;8;19;1036622
4365;20/05/2023;1;13;17;26;32;40;6;24;947993
4363;13/05/2023;7;15;22;31;34;42;3;27;1009145
4361;06/05/2023;4;10;19;25;33;44;12;30;1027830
4359;29/04/2023;2;8;16;23;38;41;7;29;956778
4357;22/04/2023;9;14;21;27;35;43;5;18;999352
4355;15/04/2023;6;12;20;24;32;39;11;28;1011874
4353;08/04/2023;3;7;15;29;36;40;8;22;948332
4351;01/04/2023;1;11;18;26;34;42;9;30;1002756
4349;25/03/2023;5;13;17;23;31;44;6;27;1049382
4347;18/03/2023;2;10;14;22;35;41;7;24;963001
4345;11/03/2023;4;9;21;28;33;39;5;18;987114
4343;04/03/2023;6;15;19;27;32;45;12;30;1034720
4341;25/02/2023;3;8;16;24;36;40;11;29;974210
4339;18/02/2023;1;12;20;25;31;43;7;22;996531
4337;11/02/2023;2;7;18;23;34;41;9;30;1013287
4335;04/02/2023;4;10;14;28;35;44;6;19;1050042
4333;28/01/2023;5;11;17;26;33;42;8;24;972662
4331;21/01/2023;3;9;16;21;30;38;12;27;960481
4329;14/01/2023;6;13;20;27;34;41;9;30;1011733
4327;07/01/2023;2;5;11;18;26;39;14;31;957420
4325;31/12/2022;4;10;15;22;33;44;6;24;998614
4323;24/12/2022;1;7;16;21;35;42;9;27;1048201
4321;17/12/2022;3;8;12;23;29;40;5;31;936550
4319;10/12/2022;6;14;19;28;32;45;10;25;1010668
4317;03/12/2022;2;9;13;24;31;43;8;30;1004330
4315;26/11/2022;5;11;18;26;37;41;12;34;981221
4313;19/11/2022;7;15;22;29;33;39;6;20;1025820
4311;12/11/2022;1;6;14;23;30;42;5;18;998450
4309;05/11/2022;4;10;17;25;36;44;9;32;1031924
4307;29/10/2022;3;12;19;28;31;40;7;24;942177
4305;22/10/2022;8;13;21;27;34;45;10;26;1007240
4303;15/10/2022;2;7;15;22;35;41;6;29;961310
4301;08/10/2022;5;11;18;24;32;43;8;30;987221
4299;01/10/2022;1;9;16;23;33;40;12;28;1014784
4297;24/09/2022;4;14;20;26;35;42;7;31;974322
4295;17/09/2022;3;10;18;27;31;44;6;25;982117
4293;10/09/2022;6;12;19;24;30;41;9;34;1030886
4291;03/09/2022;2;8;17;22;36;45;10;29;965211
4289;27/08/2022;5;11;14;28;33;39;6;20;1013321
4287;20/08/2022;1;7;16;23;31;43;12;30;998710
4285;13/08/2022;4;9;21;26;34;42;5;18;1012143
4283;06/08/2022;3;12;19;27;35;40;8;22;956440
4281;30/07/2022;2;10;15;24;33;41;7;30;982006
4279;23/07/2022;6;14;18;28;32;45;11;26;1035521
4277;16/07/2022;1;8;13;21;30;44;9;29;967340
4275;09/07/2022;4;11;17;25;36;43;6;20;1003144
4273;02/07/2022;3;7;15;23;34;40;12;31;948732
4271;25/06/2022;2;10;18;26;33;41;5;29;992410
4269;18/06/2022;6;13;19;28;31;42;8;24;1017720
4267;11/06/2022;1;9;16;22;35;44;10;27;984211
4265;04/06/2022;4;12;21;27;34;39;7;30;1004880
4263;28/05/2022;3;8;14;23;31;40;5;18;961503
4261;21/05/2022;2;11;19;25;36;45;9;29;1021466
4259;14/05/2022;5;12;18;27;34;41;6;30;984321
4257;07/05/2022;3;9;14;22;31;45;8;26;1004475
4255;30/04/2022;2;7;16;24;33;39;11;28;972108
4253;23/04/2022;1;10;17;25;36;42;5;21;1013382
4251;16/04/2022;6;13;20;29;32;44;9;34;957661
4249;09/04/2022;4;11;15;23;31;40;7;26;998420
4247;02/04/2022;8;12;18;27;35;41;10;30;1002245
4245;26/03/2022;3;6;14;21;34;45;5;19;942117
4243;19/03/2022;2;9;16;28;33;42;8;24;1030280
4241;12/03/2022;1;7;12;23;30;39;11;27;987650
4239;05/03/2022;4;10;19;25;36;41;6;29;1010417
4237;26/02/2022;5;14;18;27;32;44;9;20;969114
4235;19/02/2022;3;8;15;22;31;40;7;24;995321
4233;12/02/2022;2;11;16;24;34;42;10;28;1021760
4231;05/02/2022;1;9;17;23;33;41;6;25;964553
4229;29/01/2022;4;12;20;27;35;45;8;29;1019942
4227;22/01/2022;3;7;14;21;32;39;11;26;947781
4225;15/01/2022;2;10;18;25;31;44;6;28;1007221
4223;08/01/2022;5;11;16;23;34;40;9;27;986210
4221;01/01/2022;1;8;15;24;36;42;7;20;1032775
4219;25/12/2021;3;9;17;26;32;45;5;29;968114
4217;18/12/2021;4;12;19;23;31;41;10;27;995083
4215;11/12/2021;2;6;14;22;34;39;8;24;1013770
4213;04/12/2021;5;11;18;27;35;43;6;28;982014
4211;27/11/2021;3;8;16;25;33;44;7;21;1002100
4209;20/11/2021;1;10;15;23;36;41;9;27;975320
4207;13/11/2021;4;12;19;28;31;40;6;24;1013304
4205;06/11/2021;2;7;14;22;34;42;8;29;968410
4203;30/10/2021;5;11;17;24;33;45;10;30;997821
4201;23/10/2021;3;9;16;21;31;39;7;26;1024478
4199;16/10/2021;4;10;18;27;32;41;6;24;972441
4197;09/10/2021;2;7;14;23;35;42;8;30;1003982
4195;02/10/2021;1;9;16;24;33;45;5;21;965300
4193;25/09/2021;3;11;17;26;34;40;7;29;1016622
4191;18/09/2021;6;12;19;28;31;44;10;27;997010
4189;11/09/2021;4;8;15;23;36;41;9;24;1031100
4187;04/09/2021;2;7;14;21;33;39;6;26;947620
4185;28/08/2021;5;10;18;27;35;43;11;29;1004013
4183;21/08/2021;1;9;16;24;32;42;7;30;971300
4181;14/08/2021;3;12;17;26;34;45;8;23;1019821
4179;07/08/2021;6;11;19;28;31;40;10;27;993455
4177;31/07/2021;4;8;15;23;36;41;5;20;964780
4175;24/07/2021;2;7;14;21;33;39;9;26;1012040
4173;17/07/2021;5;10;18;27;35;44;6;29;1003314
4171;10/07/2021;1;9;16;24;32;42;7;21;979444
4169;03/07/2021;3;12;17;26;34;45;8;23;1017733
4167;26/06/2021;6;11;19;28;31;40;10;27;965111
4165;19/06/2021;4;8;15;23;36;41;9;24;1021102
4163;12/06/2021;2;7;14;21;33;39;6;20;971004
4161;05/06/2021;5;10;18;27;35;43;11;29;1009812
4159;29/05/2021;1;9;16;24;32;42;7;30;967002
4157;22/05/2021;3;12;17;26;34;45;8;23;1014321
4155;15/05/2021;6;11;19;28;31;40;10;27;990014
4153;08/05/2021;4;8;15;23;36;41;9;24;1022030
4151;01/05/2021;2;7;14;21;33;39;6;20;973441
4149;24/04/2021;5;10;18;27;35;43;11;29;1002770
4147;17/04/2021;1;9;16;24;32;42;7;30;964182
4145;10/04/2021;3;12;17;26;34;45;8;23;1011034
4143;03/04/2021;6;11;19;28;31;40;10;27;989210
4141;27/03/2021;4;8;15;23;36;41;9;24;1020400
4139;20/03/2021;2;7;14;21;33;39;6;20;972312
4137;13/03/2021;5;10;18;27;35;43;11;29;1001283
4135;06/03/2021;1;9;16;24;32;42;7;30;964012
4133;27/02/2021;3;12;17;26;34;45;8;23;1010124
4131;20/02/2021;6;11;19;28;31;40;10;27;991310
4129;13/02/2021;4;8;15;23;36;41;9;24;1012203
4127;06/02/2021;2;7;14;21;33;39;6;20;972018
4125;30/01/2021;5;10;18;27;35;43;11;29;1000288
4123;23/01/2021;1;9;16;24;32;42;7;30;964123
4121;16/01/2021;3;12;17;26;34;45;8;23;1011022
4119;09/01/2021;6;11;19;28;31;40;10;27;990012
4117;02/01/2021;4;8;15;23;36;41;9;24;1012210
4115;26/12/2020;2;7;14;21;33;39;6;20;972314
4113;19/12/2020;5;10;18;27;35;43;11;29;1004870
4111;12/12/2020;1;9;16;24;32;42;7;30;964831
4109;05/12/2020;3;12;17;26;34;45;8;23;1010022
4107;28/11/2020;6;11;19;28;31;40;10;27;991024
4105;21/11/2020;4;8;15;23;36;41;9;24;1013812
4103;14/11/2020;2;7;14;21;33;39;6;20;973041
4101;07/11/2020;5;10;18;27;35;43;11;29;1000204
4099;31/10/2020;1;9;16;24;32;42;7;30;964014
4097;24/10/2020;3;12;17;26;34;45;8;23;1013324
4095;17/10/2020;6;11;19;28;31;40;10;27;990120
4093;10/10/2020;4;8;15;23;36;41;9;24;1010412
4091;03/10/2020;2;7;14;21;33;39;6;20;973220
4089;26/09/2020;5;10;18;27;35;43;11;29;1002982
4087;19/09/2020;1;9;16;24;32;42;7;30;964554
4085;12/09/2020;3;12;17;26;34;45;8;23;1010043
4083;05/09/2020;6;11;19;28;31;40;10;27;991211
4081;29/08/2020;4;8;15;23;36;41;9;24;1011270
4079;22/08/2020;2;7;14;21;33;39;6;20;972320
4077;15/08/2020;5;10;18;27;35;43;11;29;1000814
4075;08/08/2020;1;9;16;24;32;42;7;30;964820
4073;01/08/2020;3;12;17;26;34;45;8;23;1012200
4071;25/07/2020;6;11;19;28;31;40;10;27;990998
4069;18/07/2020;4;8;15;23;36;41;9;24;1011177
4067;11/07/2020;2;7;14;21;33;39;6;20;973200
4065;04/07/2020;5;10;18;27;35;43;11;29;1000100
4063;27/06/2020;1;9;16;24;32;42;7;30;964770
4061;20/06/2020;3;12;17;26;34;45;8;23;1012030
4059;13/06/2020;6;11;19;28;31;40;10;27;991210
4057;06/06/2020;4;8;15;23;36;41;9;24;1010001
4055;30/05/2020;2;7;14;21;33;39;6;20;972144
4053;23/05/2020;5;10;18;27;35;43;11;29;1000143
4051;16/05/2020;1;9;16;24;32;42;7;30;964011
4049;09/05/2020;3;12;17;26;34;45;8;23;1012040
4047;02/05/2020;6;11;19;28;31;40;10;27;990321
4045;25/04/2020;4;8;15;23;36;41;9;24;1012123
4043;18/04/2020;2;7;14;21;33;39;6;20;973210
4041;11/04/2020;5;10;18;27;35;43;11;29;1000233
4039;04/04/2020;1;9;16;24;32;42;7;30;964002
4037;28/03/2020;3;12;17;26;34;45;8;23;1013112
4035;21/03/2020;6;11;19;28;31;40;10;27;990203
4033;14/03/2020;4;8;15;23;36;41;9;24;1010004
4031;07/03/2020;2;7;14;21;33;39;6;20;973004
4029;29/02/2020;5;10;18;27;35;43;11;29;1002010
4027;22/02/2020;1;9;16;24;32;42;7;30;964890
4025;15/02/2020;3;12;17;26;34;45;8;23;1010044
4023;08/02/2020;6;11;19;28;31;40;10;27;991144
4021;01/02/2020;4;8;15;23;36;41;9;24;1012777
4019;25/01/2020;2;7;14;21;33;39;6;20;973190
4017;18/01/2020;5;10;18;27;35;43;11;29;1002810
4015;11/01/2020;1;9;16;24;32;42;7;30;964210
4013;04/01/2020;3;12;17;26;34;45;8;23;1012201
4011;28/12/2019;6;11;19;28;31;40;10;27;991212
4009;21/12/2019;4;8;15;23;36;41;9;24;1011444
4007;14/12/2019;2;7;14;21;33;39;6;20;973211
4005;07/12/2019;5;10;18;27;35;43;11;29;1001144
4003;30/11/2019;1;9;16;24;32;42;7;30;964421
4001;23/11/2019;3;12;17;26;34;45;8;23;1012200
3999;16/11/2019;6;11;19;28;31;40;10;27;990441
3997;09/11/2019;4;8;15;23;36;41;9;24;1010002
3995;02/11/2019;2;7;14;21;33;39;6;20;973101
3993;26/10/2019;5;10;18;27;35;43;11;29;1000104
3991;19/10/2019;1;9;16;24;32;42;7;30;964201
3989;12/10/2019;3;11;17;25;33;44;8;26;1011280
3987;05/10/2019;6;10;19;27;35;41;9;30;990712
3985;28/09/2019;2;7;14;22;31;39;6;24;973008
3983;21/09/2019;5;12;18;26;34;43;11;28;1003814
3981;14/09/2019;1;9;16;24;32;42;7;30;964541
3979;07/09/2019;4;13;17;23;36;45;8;21;1012740
3977;31/08/2019;6;11;20;28;31;40;10;27;991211
3975;24/08/2019;3;8;15;22;35;41;9;24;1009412
3973;17/08/2019;2;7;14;21;33;39;6;20;972314
3971;10/08/2019;5;10;18;27;35;43;11;29;1000812
3969;03/08/2019;1;9;16;24;32;42;7;30;964011
3967;27/07/2019;3;12;17;26;34;45;8;23;1013004
3965;20/07/2019;6;11;19;28;31;40;10;27;990332
3963;13/07/2019;4;8;15;23;36;41;9;24;1012177
3961;06/07/2019;2;7;14;21;33;39;6;20;973210
3959;29/06/2019;5;10;18;27;35;43;11;29;1000440
3957;22/06/2019;1;9;16;24;32;42;7;30;964004
3955;15/06/2019;3;12;17;26;34;45;8;23;1011440
3953;08/06/2019;6;11;19;28;31;40;10;27;990411
3951;01/06/2019;4;8;15;23;36;41;9;24;1010014
3949;25/05/2019;2;7;14;21;33;39;6;20;973144
3947;18/05/2019;5;10;18;27;35;43;11;29;1000774
3945;11/05/2019;1;9;16;24;32;42;7;30;964200
3943;04/05/2019;3;12;17;26;34;45;8;23;1010002
3941;27/04/2019;6;11;19;28;31;40;10;27;990114
3939;20/04/2019;4;8;15;23;36;41;9;24;1011120
3937;13/04/2019;2;7;14;21;33;39;6;20;973001
3935;06/04/2019;5;10;18;27;35;43;11;29;1000220
3933;30/03/2019;1;9;16;24;32;42;7;30;964333
3931;23/03/2019;3;12;17;26;34;45;8;23;1010023
3929;16/03/2019;6;11;19;28;31;40;10;27;991100
3927;09/03/2019;4;8;15;23;36;41;9;24;1012104
3925;02/03/2019;2;7;14;21;33;39;6;20;973100
3923;23/02/2019;5;10;18;27;35;43;11;29;1000912
3921;16/02/2019;1;9;16;24;32;42;7;30;964017
3919;09/02/2019;3;12;17;26;34;45;8;23;1011102
3917;02/02/2019;6;11;19;28;31;40;10;27;990330
3915;26/01/2019;4;8;15;23;36;41;9;24;1010044
3913;19/01/2019;2;7;14;21;33;39;6;20;973140
3911;12/01/2019;5;10;18;27;35;43;11;29;1000010
3909;05/01/2019;1;9;16;24;32;42;7;30;964300
3907;29/12/2018;3;12;17;26;34;45;8;23;1014021
3905;22/12/2018;6;11;19;28;31;40;10;27;990881
3903;15/12/2018;4;8;15;23;36;41;9;24;1011003
3901;08/12/2018;2;7;14;21;33;39;6;20;973000
3899;01/12/2018;5;10;18;27;35;43;11;29;1000112
3897;24/11/2018;1;9;16;24;32;42;7;30;964810
3895;17/11/2018;3;12;17;26;34;45;8;23;1011100
3893;10/11/2018;6;11;19;28;31;40;10;27;990014
3891;03/11/2018;4;8;15;23;36;41;9;24;1011122
3889;27/10/2018;2;7;14;21;33;39;6;20;973008
3887;20/10/2018;5;10;18;27;35;43;11;29;1000077
3885;13/10/2018;1;9;16;24;32;42;7;30;964012
3883;06/10/2018;3;12;17;26;34;45;8;23;1010099
3881;29/09/2018;6;11;19;28;31;40;10;27;990188
3879;22/09/2018;4;8;15;23;36;41;9;24;1012210
3877;15/09/2018;2;7;14;21;33;39;6;20;973100
3875;08/09/2018;5;10;18;27;35;43;11;29;1000104
3873;01/09/2018;1;9;16;24;32;42;7;30;964880
3871;25/08/2018;3;12;17;26;34;45;8;23;1011023
3869;18/08/2018;6;11;19;28;31;40;10;27;990222
3867;11/08/2018;4;8;15;23;36;41;9;24;1013002
3865;04/08/2018;2;7;14;21;33;39;6;20;973001
3863;28/07/2018;5;10;18;27;35;43;11;29;1000280
3861;21/07/2018;1;9;16;24;32;42;7;30;964001
3859;14/07/2018;3;12;17;26;34;45;8;23;1011177
3857;07/07/2018;6;11;19;28;31;40;10;27;990320
3855;30/06/2018;4;8;15;23;36;41;9;24;1012000
3853;23/06/2018;2;7;14;21;33;39;6;20;973110
3851;16/06/2018;5;10;18;27;35;43;11;29;1000100
3849;09/06/2018;1;9;16;24;32;42;7;30;964214
3847;02/06/2018;3;12;17;26;34;45;8;23;1012020
3845;26/05/2018;6;11;19;28;31;40;10;27;990122
3843;19/05/2018;4;8;15;23;36;41;9;24;1013010
3841;12/05/2018;2;7;14;21;33;39;6;20;973014
3839;05/05/2018;5;10;18;27;35;43;11;29;1000221
3837;28/04/2018;1;9;16;24;32;42;7;30;964005
3835;21/04/2018;3;12;17;26;34;45;8;23;1011202
3833;14/04/2018;6;11;19;28;31;40;10;27;990214
3831;07/04/2018;4;8;15;23;36;41;9;24;1010440
3829;31/03/2018;2;7;14;21;33;39;6;20;973112
3827;24/03/2018;5;10;18;27;35;43;11;29;1000210
3825;17/03/2018;1;9;16;24;32;42;7;30;964003
3823;10/03/2018;3;12;17;26;34;45;8;23;1010101
3821;03/03/2018;6;11;19;28;31;40;10;27;990121
3819;24/02/2018;4;8;15;23;36;41;9;24;1012022
3817;17/02/2018;2;7;14;21;33;39;6;20;973010
3815;10/02/2018;5;10;18;27;35;43;11;29;1000112
3813;03/02/2018;1;9;16;24;32;42;7;30;964001
3811;27/01/2018;3;12;17;26;34;45;8;23;1010202
3809;20/01/2018;6;11;19;28;31;40;10;27;990020
3807;13/01/2018;4;8;15;23;36;41;9;24;1011004
3805;06/01/2018;2;7;14;21;33;39;6;20;973300
3803;30/12/2017;5;10;18;27;35;43;11;29;1000214
3801;23/12/2017;1;9;16;24;32;42;7;30;964004
3799;16/12/2017;3;12;17;26;34;45;8;23;1010144
3797;09/12/2017;6;11;19;28;31;40;10;27;990014
3795;02/12/2017;4;8;15;23;36;41;9;24;1012001
3793;25/11/2017;2;7;14;21;33;39;6;20;973018
3791;18/11/2017;5;10;18;27;35;43;11;29;1000332
3789;11/11/2017;1;9;16;24;32;42;7;30;964210
3787;04/11/2017;3;12;17;26;34;45;8;23;1011201
3785;28/10/2017;6;11;19;28;31;40;10;27;990004
3783;21/10/2017;4;8;15;23;36;41;9;24;1012444
3781;14/10/2017;2;7;14;21;33;39;6;20;973001
3779;07/10/2017;5;10;18;27;35;43;11;29;1000110
3777;30/09/2017;1;9;16;24;32;42;7;30;964118
3775;23/09/2017;3;12;17;26;34;45;8;23;1011111
3773;16/09/2017;6;11;19;28;31;40;10;27;990002
3771;09/09/2017;4;8;15;23;36;41;9;24;1011120
3769;02/09/2017;2;7;14;21;33;39;6;20;973004
3767;26/08/2017;5;10;18;27;35;43;11;29;1000140
3765;19/08/2017;1;9;16;24;32;42;7;30;964201
3763;12/08/2017;3;12;17;26;34;45;8;23;1011440
3761;05/08/2017;6;11;19;28;31;40;10;27;990141
3759;29/07/2017;4;8;15;23;36;41;9;24;1012002
3757;22/07/2017;2;7;14;21;33;39;6;20;973101
3755;15/07/2017;5;10;18;27;35;43;11;29;1000200
3753;08/07/2017;1;9;16;24;32;42;7;30;964000
3751;01/07/2017;3;12;17;26;34;45;8;23;1010201
3749;24/06/2017;6;11;19;28;31;40;10;27;990120
3747;17/06/2017;4;8;15;23;36;41;9;24;1012011
3745;10/06/2017;2;7;14;21;33;39;6;20;973012
3743;03/06/2017;5;10;18;27;35;43;11;29;1000212
3741;27/05/2017;1;9;16;24;32;42;7;30;964410
3739;20/05/2017;3;12;17;26;34;45;8;23;1012122
3737;13/05/2017;6;11;19;28;31;40;10;27;990111
3735;06/05/2017;4;8;15;23;36;41;9;24;1010033
3733;29/04/2017;2;7;14;21;33;39;6;20;973321
3731;22/04/2017;5;10;18;27;35;43;11;29;1000112
3729;15/04/2017;1;9;16;24;32;42;7;30;964002
3727;08/04/2017;3;12;17;26;34;45;8;23;1011041
3725;01/04/2017;6;11;19;28;31;40;10;27;990113
3723;25/03/2017;4;8;15;23;36;41;9;24;1011222
3721;18/03/2017;2;7;14;21;33;39;6;20;973011
3719;11/03/2017;5;10;18;27;35;43;11;29;1002101
3717;04/03/2017;1;9;16;24;32;42;7;30;964010
3715;25/02/2017;3;12;17;26;34;45;8;23;1010202
3713;18/02/2017;6;11;19;28;31;40;10;27;990100
3711;11/02/2017;4;8;15;23;36;41;9;24;1010022
3709;04/02/2017;2;7;14;21;33;39;6;20;973004
3707;28/01/2017;5;10;18;27;35;43;11;29;1000142
3705;21/01/2017;1;9;16;24;32;42;7;30;964003
3703;14/01/2017;3;12;17;26;34;45;8;23;1010201
3701;07/01/2017;6;11;19;28;31;40;10;27;990120
3699;31/12/2016;4;8;15;23;36;41;9;24;1011022
3697;24/12/2016;2;7;14;21;33;39;6;20;973110
3695;17/12/2016;5;10;18;27;35;43;11;29;1000144
3693;10/12/2016;1;9;16;24;32;42;7;30;964011
3691;03/12/2016;3;12;17;26;34;45;8;23;1011122
3689;26/11/2016;6;11;19;28;31;40;10;27;990002
3687;19/11/2016;4;8;15;23;36;41;9;24;1011100
3685;12/11/2016;2;7;14;21;33;39;6;20;973004
3683;05/11/2016;5;10;18;27;35;43;11;29;1000110
3681;29/10/2016;1;9;16;24;32;42;7;30;964020
3679;22/10/2016;3;12;17;26;34;45;8;23;1012001
3677;15/10/2016;6;11;19;28;31;40;10;27;990010
3675;08/10/2016;4;8;15;23;36;41;9;24;1011440
3673;01/10/2016;2;7;14;21;33;39;6;20;973014
3671;24/09/2016;5;10;18;27;35;43;11;29;1000102
3669;17/09/2016;1;9;16;24;32;42;7;30;964001
3667;10/09/2016;3;12;17;26;34;45;8;23;1010023
3665;03/09/2016;6;11;19;28;31;40;10;27;990211
3663;27/08/2016;4;8;15;23;36;41;9;24;1012031
3661;20/08/2016;2;7;14;21;33;39;6;20;973020
3659;13/08/2016;5;10;18;27;35;43;11;29;1000024
3657;06/08/2016;1;9;16;24;32;42;7;30;964004
3655;30/07/2016;3;12;17;26;34;45;8;23;1010200
3653;23/07/2016;6;11;19;28;31;40;10;27;990321
3651;16/07/2016;4;8;15;23;36;41;9;24;1010020
3649;09/07/2016;2;7;14;21;33;39;6;20;973100
3647;02/07/2016;5;10;18;27;35;43;11;29;1000111
3645;25/06/2016;1;9;16;24;32;42;7;30;964013
3643;18/06/2016;3;12;17;26;34;45;8;23;1010110
3641;11/06/2016;6;11;19;28;31;40;10;27;990111
3639;04/06/2016;4;8;15;23;36;41;9;24;1010022
3637;28/05/2016;2;7;14;21;33;39;6;20;973014
3635;21/05/2016;5;10;18;27;35;43;11;29;1000111
3633;14/05/2016;1;9;16;24;32;42;7;30;964210
3631;07/05/2016;3;12;17;26;34;45;8;23;1010044
3629;30/04/2016;6;11;19;28;31;40;10;27;990114
3627;23/04/2016;4;8;15;23;36;41;9;24;1012211
3625;16/04/2016;2;7;14;21;33;39;6;20;973002
3623;09/04/2016;5;10;18;27;35;43;11;29;1000220
3621;02/04/2016;1;9;16;24;32;42;7;30;964000
3619;26/03/2016;3;12;17;26;34;45;8;23;1010002
3617;19/03/2016;6;11;19;28;31;40;10;27;990003
3615;12/03/2016;4;8;15;23;36;41;9;24;1010001
3613;05/03/2016;2;7;14;21;33;39;6;20;973101
3611;27/02/2016;5;10;18;27;35;43;11;29;1000144
3609;20/02/2016;1;9;16;24;32;42;7;30;964110
3607;13/02/2016;3;12;17;26;34;45;8;23;1010140
3605;06/02/2016;6;11;19;28;31;40;10;27;990014
3603;30/01/2016;4;8;15;23;36;41;9;24;1010100
3601;23/01/2016;2;7;14;21;33;39;6;20;973020
3599;16/01/2016;5;10;18;27;35;43;11;29;1000011
3597;09/01/2016;1;9;16;24;32;42;7;30;964010
3595;02/01/2016;3;12;17;26;34;45;8;23;1010102
3593;26/12/2015;6;11;19;28;31;40;10;27;990014
3591;19/12/2015;4;8;15;23;36;41;9;24;1010023
3589;12/12/2015;2;7;14;21;33;39;6;20;973002
3587;05/12/2015;5;10;18;27;35;43;11;29;1000104
3585;28/11/2015;1;9;16;24;32;42;7;30;964112
3583;21/11/2015;3;12;17;26;34;45;8;23;1010020
3581;14/11/2015;6;11;19;28;31;40;10;27;990003
3579;07/11/2015;4;8;15;23;36;41;9;24;1012210
3577;31/10/2015;2;7;14;21;33;39;6;20;973001
3575;24/10/2015;5;10;18;27;35;43;11;29;1000144
3573;17/10/2015;1;9;16;24;32;42;7;30;964011
3571;10/10/2015;3;12;17;26;34;45;8;23;1010200
3569;03/10/2015;6;11;19;28;31;40;10;27;990010
3567;26/09/2015;4;8;15;23;36;41;9;24;1011012
3565;19/09/2015;2;7;14;21;33;39;6;20;973014
3563;12/09/2015;5;10;18;27;35;43;11;29;1000020
3561;05/09/2015;1;9;16;24;32;42;7;30;964004
3559;29/08/2015;3;12;17;26;34;45;8;23;1010201
3557;22/08/2015;6;11;19;28;31;40;10;27;990210
3555;15/08/2015;4;8;15;23;36;41;9;24;1012011
3553;08/08/2015;2;7;14;21;33;39;6;20;973002
3551;01/08/2015;5;10;18;27;35;43;11;29;1000140
3549;25/07/2015;1;9;16;24;32;42;7;30;964014
3547;18/07/2015;3;12;17;26;34;45;8;23;1010042
3545;11/07/2015;6;11;19;28;31;40;10;27;990011
3543;04/07/2015;4;8;15;23;36;41;9;24;1010020
3541;27/06/2015;2;7;14;21;33;39;6;20;973100
3539;20/06/2015;5;10;18;27;35;43;11;29;1000112
3537;13/06/2015;1;9;16;24;32;42;7;30;964003
3535;06/06/2015;3;12;17;26;34;45;8;23;1010104
3533;30/05/2015;6;11;19;28;31;40;10;27;990010
3531;23/05/2015;4;8;15;23;36;41;9;24;1010440
3529;16/05/2015;2;7;14;21;33;39;6;20;973011
3527;09/05/2015;5;10;18;27;35;43;11;29;1000210
3525;02/05/2015;1;9;16;24;32;42;7;30;964002
3523;25/04/2015;3;12;17;26;34;45;8;23;1012000
3521;18/04/2015;6;11;19;28;31;40;10;27;990200
3519;11/04/2015;4;8;15;23;36;41;9;24;1010001
3517;04/04/2015;2;7;14;21;33;39;6;20;973000
3515;28/03/2015;5;10;18;27;35;43;11;29;1000140
3513;21/03/2015;1;9;16;24;32;42;7;30;964004
3511;14/03/2015;3;12;17;26;34;45;8;23;1011111
3509;07/03/2015;6;11;19;28;31;40;10;27;990014
3507;28/02/2015;4;8;15;23;36;41;9;24;1012004
3505;21/02/2015;2;7;14;21;33;39;6;20;973201
3503;14/02/2015;5;10;18;27;35;43;11;29;1000011
3501;07/02/2015;1;9;16;24;32;42;7;30;964001
3499;31/01/2015;3;12;17;26;34;45;8;23;1010042
3497;24/01/2015;6;11;19;28;31;40;10;27;990003
3495;17/01/2015;4;8;15;23;36;41;9;24;1010004
3493;10/01/2015;2;7;14;21;33;39;6;20;973110
3491;03/01/2015;5;10;18;27;35;43;11;29;1000022
3489;27/12/2014;1;9;16;24;32;42;7;30;964220
3487;20/12/2014;3;12;17;26;34;45;8;23;1010023
3485;13/12/2014;6;11;19;28;31;40;10;27;990010
3483;06/12/2014;4;8;15;23;36;41;9;24;1010010
3481;29/11/2014;2;7;14;21;33;39;6;20;973014
3479;22/11/2014;5;10;18;27;35;43;11;29;1000220
3477;15/11/2014;1;9;16;24;32;42;7;30;964004
3475;08/11/2014;3;12;17;26;34;45;8;23;1010200
3473;01/11/2014;6;11;19;28;31;40;10;27;990114
3471;25/10/2014;4;8;15;23;36;41;9;24;1010202
3469;18/10/2014;2;7;14;21;33;39;6;20;973004
3467;11/10/2014;5;10;18;27;35;43;11;29;1000102
3465;04/10/2014;1;9;16;24;32;42;7;30;964000
3463;27/09/2014;3;12;17;26;34;45;8;23;1010111
3461;20/09/2014;6;11;19;28;31;40;10;27;990010
3459;13/09/2014;4;8;15;23;36;41;9;24;1012000
3457;06/09/2014;2;7;14;21;33;39;6;20;973014
3455;30/08/2014;5;10;18;27;35;43;11;29;1000022
3453;23/08/2014;1;9;16;24;32;42;7;30;964014
3451;16/08/2014;3;12;17;26;34;45;8;23;1010204
3449;09/08/2014;6;11;19;28;31;40;10;27;990004
3447;02/08/2014;4;8;15;23;36;41;9;24;1010010
3445;26/07/2014;2;7;14;21;33;39;6;20;973100
3443;19/07/2014;5;10;18;27;35;43;11;29;1000140
3441;12/07/2014;1;9;16;24;32;42;7;30;964003
3439;05/07/2014;3;12;17;26;34;45;8;23;1010020
3437;28/06/2014;6;11;19;28;31;40;10;27;990014
3435;21/06/2014;4;8;15;23;36;41;9;24;1012100
3433;14/06/2014;2;7;14;21;33;39;6;20;973004
3431;07/06/2014;5;10;18;27;35;43;11;29;1000101
3429;31/05/2014;1;9;16;24;32;42;7;30;964002
3427;24/05/2014;3;12;17;26;34;45;8;23;1010044
3425;17/05/2014;6;11;19;28;31;40;10;27;990110
3423;10/05/2014;4;8;15;23;36;41;9;24;1010033
3421;03/05/2014;2;7;14;21;33;39;6;20;973001
3419;26/04/2014;5;10;18;27;35;43;11;29;1000022
3417;19/04/2014;1;9;16;24;32;42;7;30;964014
3415;12/04/2014;3;12;17;26;34;45;8;23;1012000
3413;05/04/2014;6;11;19;28;31;40;10;27;990200
3411;29/03/2014;4;8;15;23;36;41;9;24;1010100
3409;22/03/2014;2;7;14;21;33;39;6;20;973002
3407;15/03/2014;5;10;18;27;35;43;11;29;1000140
3405;08/03/2014;1;9;16;24;32;42;7;30;964004
3403;01/03/2014;3;12;17;26;34;45;8;23;1010111
3401;22/02/2014;6;11;19;28;31;40;10;27;990014
3399;15/02/2014;4;8;15;23;36;41;9;24;1012004
3397;08/02/2014;2;7;14;21;33;39;6;20;973201
3395;01/02/2014;5;10;18;27;35;43;11;29;1000011
3393;25/01/2014;1;9;16;24;32;42;7;30;964001
3391;18/01/2014;3;12;17;26;34;45;8;23;1010042
3389;11/01/2014;6;11;19;28;31;40;10;27;990003
3387;04/01/2014;4;8;15;23;36;41;9;24;1010004
3385;28/12/2013;2;7;14;21;33;39;6;20;973110
3383;21/12/2013;5;10;18;27;35;43;11;29;1000022
3381;14/12/2013;1;9;16;24;32;42;7;30;964220
3379;07/12/2013;3;12;17;26;34;45;8;23;1010023
3377;30/11/2013;6;11;19;28;31;40;10;27;990010
3375;23/11/2013;4;8;15;23;36;41;9;24;1010010
3373;16/11/2013;2;7;14;21;33;39;6;20;973014
3371;09/11/2013;5;10;18;27;35;43;11;29;1000220
3369;02/11/2013;1;9;16;24;32;42;7;30;964004
3367;26/10/2013;3;12;17;26;34;45;8;23;1010200
3365;19/10/2013;6;11;19;28;31;40;10;27;990114
3363;12/10/2013;4;8;15;23;36;41;9;24;1010202
3361;05/10/2013;2;7;14;21;33;39;6;20;973004
3359;28/09/2013;5;10;18;27;35;43;11;29;1000102
3357;21/09/2013;1;9;16;24;32;42;7;30;964000
3355;14/09/2013;3;12;17;26;34;45;8;23;1010111
3353;07/09/2013;6;11;19;28;31;40;10;27;990010
3351;31/08/2013;4;8;15;23;36;41;9;24;1012000
3349;24/08/2013;2;7;14;21;33;39;6;20;973014
3347;17/08/2013;5;10;18;27;35;43;11;29;1000022
3345;10/08/2013;1;9;16;24;32;42;7;30;964014
3343;03/08/2013;3;12;17;26;34;45;8;23;1010204
3341;27/07/2013;6;11;19;28;31;40;10;27;990004
3339;20/07/2013;4;8;15;23;36;41;9;24;1010010
3337;13/07/2013;2;7;14;21;33;39;6;20;973100
3335;06/07/2013;5;10;18;27;35;43;11;29;1000140
3333;29/06/2013;1;9;16;24;32;42;7;30;964003
3331;22/06/2013;3;12;17;26;34;45;8;23;1010020
3329;15/06/2013;6;11;19;28;31;40;10;27;990014
3327;08/06/2013;4;8;15;23;36;41;9;24;1012100
3325;01/06/2013;2;7;14;21;33;39;6;20;973004
3323;25/05/2013;5;10;18;27;35;43;11;29;1000101
3321;18/05/2013;1;9;16;24;32;42;7;30;964002
3319;11/05/2013;3;12;17;26;34;45;8;23;1010044
3317;04/05/2013;6;11;19;28;31;40;10;27;990110
3315;27/04/2013;4;8;15;23;36;41;9;24;1010033
3313;20/04/2013;2;7;14;21;33;39;6;20;973001
3311;13/04/2013;5;10;18;27;35;43;11;29;1000022
3309;06/04/2013;1;9;16;24;32;42;7;30;964014
3307;30/03/2013;3;12;17;26;34;45;8;23;1012000
3305;23/03/2013;6;11;19;28;31;40;10;27;990200
3303;16/03/2013;4;8;15;23;36;41;9;24;1010100
3301;09/03/2013;2;7;14;21;33;39;6;20;973002
3299;02/03/2013;5;10;18;27;35;43;11;29;1000140
3297;23/02/2013;1;9;16;24;32;42;7;30;964004
3295;16/02/2013;3;12;17;26;34;45;8;23;1010111
3293;09/02/2013;6;11;19;28;31;40;10;27;990014
3291;02/02/2013;4;8;15;23;36;41;9;24;1012004
3289;26/01/2013;2;7;14;21;33;39;6;20;973014
3287;19/01/2013;5;10;18;27;35;43;11;29;1000022
3285;12/01/2013;1;9;16;24;32;42;7;30;964014
3283;05/01/2013;3;12;17;26;34;45;8;23;1010204
3281;29/12/2012;6;11;19;28;31;40;10;27;990004
3279;22/12/2012;4;8;15;23;36;41;9;24;1010010
3277;15/12/2012;2;7;14;21;33;39;6;20;973100
3275;08/12/2012;5;10;18;27;35;43;11;29;1000140
3273;01/12/2012;1;9;16;24;32;42;7;30;964003
3271;24/11/2012;3;12;17;26;34;45;8;23;1010020
3269;17/11/2012;6;11;19;28;31;40;10;27;990014
3267;10/11/2012;4;8;15;23;36;41;9;24;1012100
3265;03/11/2012;2;7;14;21;33;39;6;20;973004
3263;27/10/2012;5;10;18;27;35;43;11;29;1000101
3261;20/10/2012;1;9;16;24;32;42;7;30;964002
3259;13/10/2012;3;12;17;26;34;45;8;23;1010044
3257;06/10/2012;6;11;19;28;31;40;10;27;990110
3255;29/09/2012;4;8;15;23;36;41;9;24;1010033
3253;22/09/2012;2;7;14;21;33;39;6;20;973001
3251;15/09/2012;5;10;18;27;35;43;11;29;1000022
3249;08/09/2012;1;9;16;24;32;42;7;30;964014
3247;01/09/2012;3;12;17;26;34;45;8;23;1012000
3245;25/08/2012;6;11;19;28;31;40;10;27;990200
3243;18/08/2012;4;8;15;23;36;41;9;24;1010100
3241;11/08/2012;2;7;14;21;33;39;6;20;973002
3239;04/08/2012;5;10;18;27;35;43;11;29;1000140
3237;28/07/2012;1;9;16;24;32;42;7;30;964004
3235;21/07/2012;3;12;17;26;34;45;8;23;1010111
3233;14/07/2012;6;11;19;28;31;40;10;27;990014
3231;07/07/2012;4;8;15;23;36;41;9;24;1012004
3229;30/06/2012;2;7;14;21;33;39;6;20;973201
3227;23/06/2012;5;10;18;27;35;43;11;29;1000011
3225;16/06/2012;1;9;16;24;32;42;7;30;964001
3223;09/06/2012;3;12;17;26;34;45;8;23;1010042
3221;02/06/2012;6;11;19;28;31;40;10;27;990003
3219;26/05/2012;4;8;15;23;36;41;9;24;1010004
3217;19/05/2012;2;7;14;21;33;39;6;20;973110
3215;12/05/2012;5;10;18;27;35;43;11;29;1000022
3213;05/05/2012;1;9;16;24;32;42;7;30;964220
3211;28/04/2012;3;12;17;26;34;45;8;23;1010023
3209;21/04/2012;6;11;19;28;31;40;10;27;990010
3207;14/04/2012;4;8;15;23;36;41;9;24;1010010
3205;07/04/2012;2;7;14;21;33;39;6;20;973014
3203;31/03/2012;5;10;18;27;35;43;11;29;1000220
3201;24/03/2012;1;9;16;24;32;42;7;30;964004
3199;17/03/2012;3;12;17;26;34;45;8;23;1010200
3197;10/03/2012;6;11;19;28;31;40;10;27;990114
3195;03/03/2012;4;8;15;23;36;41;9;24;1010202
3193;25/02/2012;2;7;14;21;33;39;6;20;973004
3191;18/02/2012;5;10;18;27;35;43;11;29;1000102
3189;11/02/2012;1;9;16;24;32;42;7;30;964000
3187;04/02/2012;3;12;17;26;34;45;8;23;1010111
3185;28/01/2012;6;11;19;28;31;40;10;27;990010
3183;21/01/2012;4;8;15;23;36;41;9;24;1012000
3181;14/01/2012;2;7;14;21;33;39;6;20;973014
3179;07/01/2012;5;10;18;27;35;43;11;29;1000022
3177;31/12/2011;1;9;16;24;32;42;7;30;964014
3175;24/12/2011;3;12;17;26;34;45;8;23;1010204
3173;17/12/2011;6;11;19;28;31;40;10;27;990004
3171;10/12/2011;4;8;15;23;36;41;9;24;1010010
3169;03/12/2011;2;7;14;21;33;39;6;20;973100
3167;26/11/2011;5;10;18;27;35;43;11;29;1000140
3165;19/11/2011;1;9;16;24;32;42;7;30;964003
3163;12/11/2011;3;12;17;26;34;45;8;23;1010020
3161;05/11/2011;6;11;19;28;31;40;10;27;990014
3159;29/10/2011;4;8;15;23;36;41;9;24;1012100
3157;22/10/2011;2;7;14;21;33;39;6;20;973004
3155;15/10/2011;5;10;18;27;35;43;11;29;1000101
3153;08/10/2011;1;9;16;24;32;42;7;30;964002
3151;01/10/2011;3;12;17;26;34;45;8;23;1010044
3149;24/09/2011;6;11;19;28;31;40;10;27;990010
3147;17/09/2011;4;8;15;23;36;41;9;24;1011012
3145;10/09/2011;2;7;14;21;33;39;6;20;973014
3143;03/09/2011;5;10;18;27;35;43;11;29;1000020
3141;27/08/2011;1;9;16;24;32;42;7;30;964004
3139;20/08/2011;3;12;17;26;34;45;8;23;1010201
3137;13/08/2011;6;11;19;28;31;40;10;27;990210
3135;06/08/2011;4;8;15;23;36;41;9;24;1012011
3133;30/07/2011;2;7;14;21;33;39;6;20;973002
3131;23/07/2011;5;10;18;27;35;43;11;29;1000140
3129;16/07/2011;1;9;16;24;32;42;7;30;964014
3127;09/07/2011;3;12;17;26;34;45;8;23;1010042
3125;02/07/2011;6;11;19;28;31;40;10;27;990011
3123;25/06/2011;4;8;15;23;36;41;9;24;1010020
3121;18/06/2011;2;7;14;21;33;39;6;20;973100
3119;11/06/2011;5;10;18;27;35;43;11;29;1000112
3117;04/06/2011;1;9;16;24;32;42;7;30;964003
3115;28/05/2011;3;12;17;26;34;45;8;23;1010104
3113;21/05/2011;6;11;19;28;31;40;10;27;990010
3111;14/05/2011;4;8;15;23;36;41;9;24;1010440
3109;07/05/2011;2;7;14;21;33;39;6;20;973011
3107;30/04/2011;5;10;18;27;35;43;11;29;1000210
3105;23/04/2011;1;9;16;24;32;42;7;30;964002
3103;16/04/2011;3;12;17;26;34;45;8;23;1012000
3101;09/04/2011;6;11;19;28;31;40;10;27;990200
3099;02/04/2011;4;8;15;23;36;41;9;24;1010100
3097;26/03/2011;2;7;14;21;33;39;6;20;973002
3095;19/03/2011;5;10;18;27;35;43;11;29;1000140
3093;12/03/2011;1;9;16;24;32;42;7;30;964004
3091;05/03/2011;3;12;17;26;34;45;8;23;1010111
3089;26/02/2011;6;11;19;28;31;40;10;27;990014
3087;19/02/2011;4;8;15;23;36;41;9;24;1012004
3085;12/02/2011;2;7;14;21;33;39;6;20;973201
3083;05/02/2011;5;10;18;27;35;43;11;29;1000011
3081;29/01/2011;1;9;16;24;32;42;7;30;964001
3079;22/01/2011;3;12;17;26;34;45;8;23;1010042
3077;15/01/2011;6;11;19;28;31;40;10;27;990003
3075;08/01/2011;4;8;15;23;36;41;9;24;1010004
3073;01/01/2011;2;7;14;21;33;39;6;20;973110
3071;25/12/2010;5;10;18;27;35;43;11;29;1000022
3069;18/12/2010;1;9;16;24;32;42;7;30;964220
3067;11/12/2010;3;12;17;26;34;45;8;23;1010023
3065;04/12/2010;6;11;19;28;31;40;10;27;990010
3063;27/11/2010;4;8;15;23;36;41;9;24;1010010
3061;20/11/2010;2;7;14;21;33;39;6;20;973014
3059;13/11/2010;5;10;18;27;35;43;11;29;1000220
3057;06/11/2010;1;9;16;24;32;42;7;30;964004
3055;30/10/2010;3;12;17;26;34;45;8;23;1010200
3053;23/10/2010;6;11;19;28;31;40;10;27;990114
3051;16/10/2010;4;8;15;23;36;41;9;24;1010202
3049;09/10/2010;2;7;14;21;33;39;6;20;973004
3047;02/10/2010;5;10;18;27;35;43;11;29;1000102
3045;25/09/2010;1;9;16;24;32;42;7;30;964000
3043;18/09/2010;3;12;17;26;34;45;8;23;1010111
3041;11/09/2010;6;11;19;28;31;40;10;27;990010
3039;04/09/2010;4;8;15;23;36;41;9;24;1012000
3037;28/08/2010;2;7;14;21;33;39;6;20;973014
3035;21/08/2010;5;10;18;27;35;43;11;29;1000022
3033;14/08/2010;1;9;16;24;32;42;7;30;964014
3031;07/08/2010;3;12;17;26;34;45;8;23;1010204
3029;31/07/2010;6;11;19;28;31;40;10;27;990004
3027;24/07/2010;4;8;15;23;36;41;9;24;1010010
3025;17/07/2010;2;7;14;21;33;39;6;20;973100
3023;10/07/2010;5;10;18;27;35;43;11;29;1000140
3021;03/07/2010;1;9;16;24;32;42;7;30;964003
3019;26/06/2010;3;12;17;26;34;45;8;23;1010020
3017;19/06/2010;6;11;19;28;31;40;10;27;990014
3015;12/06/2010;4;8;15;23;36;41;9;24;1012100
3013;05/06/2010;2;7;14;21;33;39;6;20;973004
3011;29/05/2010;5;10;18;27;35;43;11;29;1000101
3009;22/05/2010;1;9;16;24;32;42;7;30;964002
3007;15/05/2010;3;12;17;26;34;45;8;23;1010044
3005;08/05/2010;6;11;19;28;31;40;10;27;990110
3003;01/05/2010;4;8;15;23;36;41;9;24;1010033
3001;24/04/2010;2;7;14;21;33;39;6;20;973001
2999;17/04/2010;5;10;18;27;35;43;11;29;1000022
2997;10/04/2010;1;9;16;24;32;42;7;30;964014
2995;03/04/2010;3;12;17;26;34;45;8;23;1012000
2993;27/03/2010;6;11;19;28;31;40;10;27;990200
2991;20/03/2010;4;8;15;23;36;41;9;24;1010100
2989;13/03/2010;2;7;14;21;33;39;6;20;973002
2987;06/03/2010;5;10;18;27;35;43;11;29;1000140
2985;27/02/2010;1;9;16;24;32;42;7;30;964004
2983;20/02/2010;3;12;17;26;34;45;8;23;1010111
2981;13/02/2010;6;11;19;28;31;40;10;27;990014
2979;06/02/2010;4;8;15;23;36;41;9;24;1012004
2977;30/01/2010;2;7;14;21;33;39;6;20;973201
2975;23/01/2010;5;10;18;27;35;43;11;29;1000011
2973;16/01/2010;1;9;16;24;32;42;7;30;964001
2971;09/01/2010;3;12;17;26;34;45;8;23;1010042
2969;02/01/2010;6;11;19;28;31;40;10;27;990003
2967;26/12/2009;4;8;15;23;36;41;9;24;1010004
2965;19/12/2009;2;7;14;21;33;39;6;20;973110
2963;12/12/2009;5;10;18;27;35;43;11;29;1000022
2961;05/12/2009;1;9;16;24;32;42;7;30;964220
2959;28/11/2009;3;12;17;26;34;45;8;23;1010023
2957;21/11/2009;6;11;19;28;31;40;10;27;990010
2955;14/11/2009;4;8;15;23;36;41;9;24;1010010
2953;07/11/2009;2;7;14;21;33;39;6;20;973014
2951;31/10/2009;5;10;18;27;35;43;11;29;1000220
2949;24/10/2009;1;9;16;24;32;42;7;30;964004
2947;17/10/2009;3;12;17;26;34;45;8;23;1010200
2945;10/10/2009;6;11;19;28;31;40;10;27;990114
2943;03/10/2009;4;8;15;23;36;41;9;24;1010202
2941;26/09/2009;2;7;14;21;33;39;6;20;973004
2939;19/09/2009;5;10;18;27;35;43;11;29;1000102
2937;12/09/2009;1;9;16;24;32;42;7;30;964000
2935;05/09/2009;3;12;17;26;34;45;8;23;1010111
2933;29/08/2009;6;11;19;28;31;40;10;27;990010
2931;22/08/2009;4;8;15;23;36;41;9;24;1012000
2929;15/08/2009;2;7;14;21;33;39;6;20;973014
2927;08/08/2009;5;10;18;27;35;43;11;29;1000022
2925;01/08/2009;1;9;16;24;32;42;7;30;964014
2923;25/07/2009;3;12;17;26;34;45;8;23;1010204
2921;18/07/2009;6;11;19;28;31;40;10;27;990004
2919;11/07/2009;4;8;15;23;36;41;9;24;1010010
2917;04/07/2009;2;7;14;21;33;39;6;20;973100
2915;27/06/2009;5;10;18;27;35;43;11;29;1000140
2913;20/06/2009;1;9;16;24;32;42;7;30;964003
2911;13/06/2009;3;12;17;26;34;45;8;23;1010020
2909;06/06/2009;6;11;19;28;31;40;10;27;990014
2907;30/05/2009;4;8;15;23;36;41;9;24;1012100
2905;23/05/2009;2;7;14;21;33;39;6;20;973004
2903;16/05/2009;5;10;18;27;35;43;11;29;1000101
2901;09/05/2009;1;9;16;24;32;42;7;30;964002
2899;02/05/2009;3;12;17;26;34;45;8;23;1010044
2897;25/04/2009;6;11;19;28;31;40;10;27;990110
2895;18/04/2009;4;8;15;23;36;41;9;24;1010033
2893;11/04/2009;2;7;14;21;33;39;6;20;973001
2891;04/04/2009;5;10;18;27;35;43;11;29;1000022
2889;28/03/2009;1;9;16;24;32;42;7;30;964014
2887;21/03/2009;3;12;17;26;34;45;8;23;1012000
2885;14/03/2009;6;11;19;28;31;40;10;27;990200
2883;07/03/2009;4;8;15;23;36;41;9;24;1010100
2881;28/02/2009;2;7;14;21;33;39;6;20;973002
2879;21/02/2009;5;10;18;27;35;43;11;29;1000140
2877;14/02/2009;1;9;16;24;32;42;7;30;964004
2875;07/02/2009;3;12;17;26;34;45;8;23;1010111
2873;31/01/2009;6;11;19;28;31;40;10;27;990014
2871;24/01/2009;4;8;15;23;36;41;9;24;1012004
2869;17/01/2009;2;7;14;21;33;39;6;20;973014
2867;10/01/2009;5;10;18;27;35;43;11;29;1000022
2865;03/01/2009;1;9;16;24;32;42;7;30;964014
2863;27/12/2008;3;12;17;26;34;45;8;23;1010204
2861;20/12/2008;6;11;19;28;31;40;10;27;990004
2859;13/12/2008;4;8;15;23;36;41;9;24;1010010
2857;06/12/2008;2;7;14;21;33;39;6;20;973100
2855;29/11/2008;5;10;18;27;35;43;11;29;1000140
2853;22/11/2008;1;9;16;24;32;42;7;30;964003
2851;15/11/2008;3;12;17;26;34;45;8;23;1010020
2849;08/11/2008;6;11;19;28;31;40;10;27;990014
2847;01/11/2008;4;8;15;23;36;41;9;24;1012100
2845;25/10/2008;2;7;14;21;33;39;6;20;973004
2843;18/10/2008;5;10;18;27;35;43;11;29;1000101
2841;11/10/2008;1;9;16;24;32;42;7;30;964002
2839;04/10/2008;3;12;17;26;34;45;8;23;1010044
2837;27/09/2008;6;11;19;28;31;40;10;27;990110
2835;20/09/2008;4;8;15;23;36;41;9;24;1010033
2833;13/09/2008;2;7;14;21;33;39;6;20;973001
2831;06/09/2008;5;10;18;27;35;43;11;29;1000022
2829;30/08/2008;1;9;16;24;32;42;7;30;964014
2827;23/08/2008;3;12;17;26;34;45;8;23;1012000
2825;16/08/2008;6;11;19;28;31;40;10;27;990200
2823;09/08/2008;4;8;15;23;36;41;9;24;1010100
2821;02/08/2008;2;7;14;21;33;39;6;20;973002
2819;26/07/2008;5;10;18;27;35;43;11;29;1000140
2817;19/07/2008;1;9;16;24;32;42;7;30;964004
2815;12/07/2008;3;12;17;26;34;45;8;23;1010111
2813;05/07/2008;6;11;19;28;31;40;10;27;990014
2811;28/06/2008;4;8;15;23;36;41;9;24;1012004
2809;21/06/2008;2;7;14;21;33;39;6;20;973201
2807;14/06/2008;5;10;18;27;35;43;11;29;1000011
2805;07/06/2008;1;9;16;24;32;42;7;30;964001
2803;31/05/2008;3;12;17;26;34;45;8;23;1010042
2801;24/05/2008;6;11;19;28;31;40;10;27;990003
2799;17/05/2008;4;8;15;23;36;41;9;24;1010004
2797;10/05/2008;2;7;14;21;33;39;6;20;973110
2795;03/05/2008;5;10;18;27;35;43;11;29;1000022
2793;26/04/2008;1;9;16;24;32;42;7;30;964220
2791;19/04/2008;3;12;17;26;34;45;8;23;1010023
2789;12/04/2008;6;11;19;28;31;40;10;27;990010
2787;05/04/2008;4;8;15;23;36;41;9;24;1010010
2785;29/03/2008;2;7;14;21;33;39;6;20;973014
2783;22/03/2008;5;10;18;27;35;43;11;29;1000220
2781;15/03/2008;1;9;16;24;32;42;7;30;964004
2779;08/03/2008;3;12;17;26;34;45;8;23;1010200
2777;01/03/2008;6;11;19;28;31;40;10;27;990114
2775;23/02/2008;4;8;15;23;36;41;9;24;1010202
2773;16/02/2008;2;7;14;21;33;39;6;20;973004
2771;09/02/2008;5;10;18;27;35;43;11;29;1000102
2769;02/02/2008;1;9;16;24;32;42;7;30;964000
2767;26/01/2008;3;12;17;26;34;45;8;23;1010111
2765;19/01/2008;6;11;19;28;31;40;10;27;990010
2763;12/01/2008;4;8;15;23;36;41;9;24;1012000
2761;05/01/2008;2;7;14;21;33;39;6;20;973014
2759;29/12/2007;5;10;18;27;35;43;11;29;1000022
2757;22/12/2007;1;9;16;24;32;42;7;30;964014
2755;15/12/2007;3;12;17;26;34;45;8;23;1010204
2753;08/12/2007;6;11;19;28;31;40;10;27;990004
2751;01/12/2007;4;8;15;23;36;41;9;24;1010010
2749;24/11/2007;2;7;14;21;33;39;6;20;973100
2747;17/11/2007;5;10;18;27;35;43;11;29;1000140
2745;10/11/2007;1;9;16;24;32;42;7;30;964003
2743;03/11/2007;3;12;17;26;34;45;8;23;1010020
2741;27/10/2007;6;11;19;28;31;40;10;27;990014
2739;20/10/2007;4;8;15;23;36;41;9;24;1012100
2737;13/10/2007;2;7;14;21;33;39;6;20;973004
2735;06/10/2007;5;10;18;27;35;43;11;29;1000101
2733;29/09/2007;1;9;16;24;32;42;7;30;964002
2731;22/09/2007;3;12;17;26;34;45;8;23;1010044
2729;15/09/2007;6;11;19;28;31;40;10;27;990110
2727;08/09/2007;4;8;15;23;36;41;9;24;1010033
2725;01/09/2007;2;7;14;21;33;39;6;20;973001
2723;25/08/2007;5;10;18;27;35;43;11;29;1000022
2721;18/08/2007;1;9;16;24;32;42;7;30;964014
2719;11/08/2007;3;12;17;26;34;45;8;23;1012000
2717;04/08/2007;6;11;19;28;31;40;10;27;990200
2715;28/07/2007;4;8;15;23;36;41;9;24;1010100
2713;21/07/2007;2;7;14;21;33;39;6;20;973002
2711;14/07/2007;5;10;18;27;35;43;11;29;1000140
2709;07/07/2007;1;9;16;24;32;42;7;30;964004
2707;30/06/2007;3;12;17;26;34;45;8;23;1010111
2705;23/06/2007;6;11;19;28;31;40;10;27;990014
2703;16/06/2007;4;8;15;23;36;41;9;24;1012004
2701;09/06/2007;2;7;14;21;33;39;6;20;973201
2699;02/06/2007;5;10;18;27;35;43;11;29;1000011
2697;26/05/2007;1;9;16;24;32;42;7;30;964001
2695;19/05/2007;3;12;17;26;34;45;8;23;1010042
2693;12/05/2007;6;11;19;28;31;40;10;27;990003
2691;05/05/2007;4;8;15;23;36;41;9;24;1010004
2689;28/04/2007;2;7;14;21;33;39;6;20;973110
2687;21/04/2007;5;10;18;27;35;43;11;29;1000022
2685;14/04/2007;1;9;16;24;32;42;7;30;964220
2683;07/04/2007;3;12;17;26;34;45;8;23;1010023
2681;31/03/2007;6;11;19;28;31;40;10;27;990010
2679;24/03/2007;4;8;15;23;36;41;9;24;1010010
2677;17/03/2007;2;7;14;21;33;39;6;20;973014
2675;10/03/2007;5;10;18;27;35;43;11;29;1000220
2673;03/03/2007;1;9;16;24;32;42;7;30;964004
2671;24/02/2007;3;12;17;26;34;45;8;23;1010200
2669;17/02/2007;6;11;19;28;31;40;10;27;990114
2667;10/02/2007;4;8;15;23;36;41;9;24;1010202
2665;03/02/2007;2;7;14;21;33;39;6;20;973004
2663;27/01/2007;5;10;18;27;35;43;11;29;1000102
2661;20/01/2007;1;9;16;24;32;42;7;30;964000
2659;13/01/2007;3;12;17;26;34;45;8;23;1010111
2657;06/01/2007;6;11;19;28;31;40;10;27;990010
2655;30/12/2006;4;8;15;23;36;41;9;24;1012000
2653;23/12/2006;2;7;14;21;33;39;6;20;973014
2651;16/12/2006;5;10;18;27;35;43;11;29;1000022
2649;09/12/2006;1;9;16;24;32;42;7;30;964014
2647;02/12/2006;3;12;17;26;34;45;8;23;1010204
2645;25/11/2006;6;11;19;28;31;40;10;27;990004
2643;18/11/2006;4;8;15;23;36;41;9;24;1010010
2641;11/11/2006;2;7;14;21;33;39;6;20;973100
2639;04/11/2006;5;10;18;27;35;43;11;29;1000140
2637;28/10/2006;1;9;16;24;32;42;7;30;964003
2635;21/10/2006;3;12;17;26;34;45;8;23;1010020
2633;14/10/2006;6;11;19;28;31;40;10;27;990014
2631;07/10/2006;4;8;15;23;36;41;9;24;1012100
2629;30/09/2006;2;7;14;21;33;39;6;20;973004
2627;23/09/2006;5;10;18;27;35;43;11;29;1000101
2625;16/09/2006;1;9;16;24;32;42;7;30;964002
2623;09/09/2006;3;12;17;26;34;45;8;23;1010044
2621;02/09/2006;6;11;19;28;31;40;10;27;990110
2619;26/08/2006;4;8;15;23;36;41;9;24;1010033
2617;19/08/2006;2;7;14;21;33;39;6;20;973001
2615;12/08/2006;5;10;18;27;35;43;11;29;1000022
2613;05/08/2006;1;9;16;24;32;42;7;30;964014
2611;29/07/2006;3;12;17;26;34;45;8;23;1012000
2609;22/07/2006;6;11;19;28;31;40;10;27;990200
2607;15/07/2006;4;8;15;23;36;41;9;24;1010100
2605;08/07/2006;2;7;14;21;33;39;6;20;973002
2603;01/07/2006;5;10;18;27;35;43;11;29;1000140
2601;24/06/2006;1;9;16;24;32;42;7;30;964004
2599;17/06/2006;3;12;17;26;34;45;8;23;1010111
2597;10/06/2006;6;11;19;28;31;40;10;27;990014
2595;03/06/2006;4;8;15;23;36;41;9;24;1012004
2593;27/05/2006;2;7;14;21;33;39;6;20;973201
2591;20/05/2006;5;10;18;27;35;43;11;29;1000011
2589;13/05/2006;1;9;16;24;32;42;7;30;964001
2587;06/05/2006;3;12;17;26;34;45;8;23;1010042
2585;29/04/2006;6;11;19;28;31;40;10;27;990003
2583;22/04/2006;4;8;15;23;36;41;9;24;1010004
2581;15/04/2006;2;7;14;21;33;39;6;20;973110
2579;08/04/2006;5;10;18;27;35;43;11;29;1000022
2577;01/04/2006;1;9;16;24;32;42;7;30;964220
2575;25/03/2006;3;12;17;26;34;45;8;23;1010023
2573;18/03/2006;6;11;19;28;31;40;10;27;990010
2571;11/03/2006;4;8;15;23;36;41;9;24;1010010
2569;04/03/2006;2;7;14;21;33;39;6;20;973014
2567;25/02/2006;5;10;18;27;35;43;11;29;1000220
2565;18/02/2006;1;9;16;24;32;42;7;30;964004
2563;11/02/2006;3;12;17;26;34;45;8;23;1010200
2561;04/02/2006;6;11;19;28;31;40;10;27;990114
2559;28/01/2006;4;8;15;23;36;41;9;24;1010202
2557;21/01/2006;2;7;14;21;33;39;6;20;973004
2555;14/01/2006;5;10;18;27;35;43;11;29;1000102
2553;07/01/2006;1;9;16;24;32;42;7;30;964000
2551;31/12/2005;3;12;17;26;34;45;8;23;1010111
2549;24/12/2005;6;11;19;28;31;40;10;27;990010
2547;17/12/2005;4;8;15;23;36;41;9;24;1012000
2545;10/12/2005;2;7;14;21;33;39;6;20;973014
2543;03/12/2005;5;10;18;27;35;43;11;29;1000022
2541;26/11/2005;1;9;16;24;32;42;7;30;964014
2539;19/11/2005;3;12;17;26;34;45;8;23;1010204
2537;12/11/2005;6;11;19;28;31;40;10;27;990004
2535;05/11/2005;4;8;15;23;36;41;9;24;1010010
2533;29/10/2005;2;7;14;21;33;39;6;20;973100
2531;22/10/2005;5;10;18;27;35;43;11;29;1000140
2529;15/10/2005;1;9;16;24;32;42;7;30;964003
2527;08/10/2005;3;12;17;26;34;45;8;23;1010020
2525;01/10/2005;6;11;19;28;31;40;10;27;990014
2523;24/09/2005;4;8;15;23;36;41;9;24;1012100
2521;17/09/2005;2;7;14;21;33;39;6;20;973004
2519;10/09/2005;5;10;18;27;35;43;11;29;1000101
2517;03/09/2005;1;9;16;24;32;42;7;30;964002
2515;27/08/2005;3;12;17;26;34;45;8;23;1010044
2513;20/08/2005;6;11;19;28;31;40;10;27;990110
2511;13/08/2005;4;8;15;23;36;41;9;24;1010033
2509;06/08/2005;2;7;14;21;33;39;6;20;973001
2507;30/07/2005;5;10;18;27;35;43;11;29;1000022
2505;23/07/2005;1;9;16;24;32;42;7;30;964014
2503;16/07/2005;3;12;17;26;34;45;8;23;1012000
2501;09/07/2005;6;11;19;28;31;40;10;27;990200
2499;02/07/2005;4;8;15;23;36;41;9;24;1010100
2497;25/06/2005;2;7;14;21;33;39;6;20;973002
2495;18/06/2005;5;10;18;27;35;43;11;29;1000140
2493;11/06/2005;1;9;16;24;32;42;7;30;964004
2491;04/06/2005;3;12;17;26;34;45;8;23;1010111
2489;28/05/2005;6;11;19;28;31;40;10;27;990014
2487;21/05/2005;4;8;15;23;36;41;9;24;1012004
2485;14/05/2005;2;7;14;21;33;39;6;20;973201
2483;07/05/2005;5;10;18;27;35;43;11;29;1000011
2481;30/04/2005;1;9;16;24;32;42;7;30;964001
2479;23/04/2005;3;12;17;26;34;45;8;23;1010042
2477;16/04/2005;6;11;19;28;31;40;10;27;990003
2475;09/04/2005;4;8;15;23;36;41;9;24;1010004
2473;02/04/2005;2;7;14;21;33;39;6;20;973110
2471;26/03/2005;5;10;18;27;35;43;11;29;1000022
2469;19/03/2005;1;9;16;24;32;42;7;30;964220
2467;12/03/2005;3;12;17;26;34;45;8;23;1010023
2465;05/03/2005;6;11;19;28;31;40;10;27;990010
2463;26/02/2005;4;8;15;23;36;41;9;24;1010010
2461;19/02/2005;2;7;14;21;33;39;6;20;973014
2459;12/02/2005;5;10;18;27;35;43;11;29;1000220
2457;05/02/2005;1;9;16;24;32;42;7;30;964004
2455;29/01/2005;3;12;17;26;34;45;8;23;1010200
2453;22/01/2005;6;11;19;28;31;40;10;27;990114
2451;15/01/2005;4;8;15;23;36;41;9;24;1010202
2449;08/01/2005;2;7;14;21;33;39;6;20;973004
2447;01/01/2005;5;10;18;27;35;43;11;29;1000102
2445;25/12/2004;1;9;16;24;32;42;7;30;964000
2443;18/12/2004;3;12;17;26;34;45;8;23;1010111
2441;11/12/2004;6;11;19;28;31;40;10;27;990010
2439;04/12/2004;4;8;15;23;36;41;9;24;1012000
2437;27/11/2004;2;7;14;21;33;39;6;20;973014
2435;20/11/2004;5;10;18;27;35;43;11;29;1000022
2433;13/11/2004;1;9;16;24;32;42;7;30;964014
2431;06/11/2004;3;12;17;26;34;45;8;23;1010204
2429;30/10/2004;6;11;19;28;31;40;10;27;990004
2427;23/10/2004;4;8;15;23;36;41;9;24;1010010
2425;16/10/2004;2;7;14;21;33;39;6;20;973100
2423;09/10/2004;5;10;18;27;35;43;11;29;1000140
2421;02/10/2004;1;9;16;24;32;42;7;30;964003
2419;25/09/2004;3;12;17;26;34;45;8;23;1010020
2417;18/09/2004;6;11;19;28;31;40;10;27;990014
2415;11/09/2004;4;8;15;23;36;41;9;24;1012100
2413;04/09/2004;2;7;14;21;33;39;6;20;973004
2411;28/08/2004;5;10;18;27;35;43;11;29;1000101
2409;21/08/2004;1;9;16;24;32;42;7;30;964002
2407;14/08/2004;3;12;17;26;34;45;8;23;1010044
2405;07/08/2004;6;11;19;28;31;40;10;27;990110
2403;31/07/2004;4;8;15;23;36;41;9;24;1010033
2401;24/07/2004;2;7;14;21;33;39;6;20;973001
2399;17/07/2004;5;10;18;27;35;43;11;29;1000022
2397;10/07/2004;1;9;16;24;32;42;7;30;964014
2395;03/07/2004;3;12;17;26;34;45;8;23;1012000
2393;26/06/2004;6;11;19;28;31;40;10;27;990200
2391;19/06/2004;4;8;15;23;36;41;9;24;1010100
2389;12/06/2004;2;7;14;21;33;39;6;20;973002
2387;05/06/2004;5;10;18;27;35;43;11;29;1000140
2385;29/05/2004;1;9;16;24;32;42;7;30;964004
2383;22/05/2004;3;12;17;26;34;45;8;23;1010111
2381;15/05/2004;6;11;19;28;31;40;10;27;990014
2379;08/05/2004;4;8;15;23;36;41;9;24;1012004
2377;01/05/2004;2;7;14;21;33;39;6;20;973201
2375;24/04/2004;5;10;18;27;35;43;11;29;1000011
2373;17/04/2004;1;9;16;24;32;42;7;30;964001
2371;10/04/2004;3;12;17;26;34;45;8;23;1010042
2369;03/04/2004;6;11;19;28;31;40;10;27;990003
2367;27/03/2004;4;8;15;23;36;41;9;24;1010004
2365;20/03/2004;2;7;14;21;33;39;6;20;973110
2363;13/03/2004;5;10;18;27;35;43;11;29;1000022
2361;06/03/2004;1;9;16;24;32;42;7;30;964220
2359;28/02/2004;3;12;17;26;34;45;8;23;1010023
2357;21/02/2004;6;11;19;28;31;40;10;27;990010
2355;14/02/2004;4;8;15;23;36;41;9;24;1010010
2353;07/02/2004;2;7;14;21;33;39;6;20;973014
2351;31/01/2004;5;10;18;27;35;43;11;29;1000220
2349;24/01/2004;1;9;16;24;32;42;7;30;964004
2347;17/01/2004;3;12;17;26;34;45;8;23;1010200
2345;10/01/2004;6;11;19;28;31;40;10;27;990114
2343;03/01/2004;4;8;15;23;36;41;9;24;1010202
2341;27/12/2003;2;7;14;21;33;39;6;20;973004
2339;20/12/2003;5;10;18;27;35;43;11;29;1000102
2337;13/12/2003;1;9;16;24;32;42;7;30;964000
2335;06/12/2003;3;12;17;26;34;45;8;23;1010111
2333;29/11/2003;6;11;19;28;31;40;10;27;990010
2331;22/11/2003;4;8;15;23;36;41;9;24;1012000
2329;15/11/2003;2;7;14;21;33;39;6;20;973014
2327;08/11/2003;5;10;18;27;35;43;11;29;1000022
2325;01/11/2003;1;9;16;24;32;42;7;30;964014
2323;25/10/2003;3;12;17;26;34;45;8;23;1010204
2321;18/10/2003;6;11;19;28;31;40;10;27;990004
2319;11/10/2003;4;8;15;23;36;41;9;24;1010010
2317;04/10/2003;2;7;14;21;33;39;6;20;973100
2315;27/09/2003;5;10;18;27;35;43;11;29;1000140
2313;20/09/2003;1;9;16;24;32;42;7;30;964003
2311;13/09/2003;3;12;17;26;34;45;8;23;1010020
2309;06/09/2003;6;11;19;28;31;40;10;27;990014
2307;30/08/2003;4;8;15;23;36;41;9;24;1012100
2305;23/08/2003;2;7;14;21;33;39;6;20;973004
2303;16/08/2003;5;10;18;27;35;43;11;29;1000101
2301;09/08/2003;1;9;16;24;32;42;7;30;964002
2299;02/08/2003;3;12;17;26;34;45;8;23;1010044
2297;26/07/2003;6;11;19;28;31;40;10;27;990110
2295;19/07/2003;4;8;15;23;36;41;9;24;1010033
2293;12/07/2003;2;7;14;21;33;39;6;20;973001
2291;05/07/2003;5;10;18;27;35;43;11;29;1000022
2289;28/06/2003;1;9;16;24;32;42;7;30;964014
2287;21/06/2003;3;12;17;26;34;45;8;23;1012000
2285;14/06/2003;6;11;19;28;31;40;10;27;990200
2283;07/06/2003;4;8;15;23;36;41;9;24;1010100
2281;31/05/2003;2;7;14;21;33;39;6;20;973002
2279;24/05/2003;5;10;18;27;35;43;11;29;1000140
2277;17/05/2003;1;9;16;24;32;42;7;30;964004
2275;10/05/2003;3;12;17;26;34;45;8;23;1010111
2273;03/05/2003;6;11;19;28;31;40;10;27;990014
2271;26/04/2003;4;8;15;23;36;41;9;24;1012004
2269;19/04/2003;2;7;14;21;33;39;6;20;973201
2267;12/04/2003;5;10;18;27;35;43;11;29;1000011
2265;05/04/2003;1;9;16;24;32;42;7;30;964001
2263;29/03/2003;3;12;17;26;34;45;8;23;1010042
2261;22/03/2003;6;11;19;28;31;40;10;27;990003
2259;15/03/2003;4;8;15;23;36;41;9;24;1010004
2257;08/03/2003;2;7;14;21;33;39;6;20;973110
2255;01/03/2003;5;10;18;27;35;43;11;29;1000022
2253;22/02/2003;1;9;16;24;32;42;7;30;964220
2251;15/02/2003;3;12;17;26;34;45;8;23;1010023
2249;08/02/2003;6;11;19;28;31;40;10;27;990010
2247;01/02/2003;4;8;15;23;36;41;9;24;1010010
2245;25/01/2003;2;7;14;21;33;39;6;20;973014
2243;18/01/2003;5;10;18;27;35;43;11;29;1000220
2241;11/01/2003;1;9;16;24;32;42;7;30;964004
2239;04/01/2003;3;12;17;26;34;45;8;23;1010200
2237;28/12/2002;6;11;19;28;31;40;10;27;990114
2235;21/12/2002;4;8;15;23;36;41;9;24;1010202
2233;14/12/2002;2;7;14;21;33;39;6;20;973004
2231;07/12/2002;5;10;18;27;35;43;11;29;1000102
2229;30/11/2002;1;9;16;24;32;42;7;30;964000
2227;23/11/2002;3;12;17;26;34;45;8;23;1010111
2225;16/11/2002;6;11;19;28;31;40;10;27;990010
2223;09/11/2002;4;8;15;23;36;41;9;24;1012000
2221;02/11/2002;2;7;14;21;33;39;6;20;973014
2219;26/10/2002;5;10;18;27;35;43;11;29;1000022
2217;19/10/2002;1;9;16;24;32;42;7;30;964014
2215;12/10/2002;3;12;17;26;34;45;8;23;1010204
2213;05/10/2002;6;11;19;28;31;40;10;27;990004
2211;28/09/2002;4;8;15;23;36;41;9;24;1010010
2209;21/09/2002;2;7;14;21;33;39;6;20;973100
2207;14/09/2002;5;10;18;27;35;43;11;29;1000140
2205;07/09/2002;1;9;16;24;32;42;7;30;964003
2203;31/08/2002;3;12;17;26;34;45;8;23;1010020
2201;24/08/2002;6;11;19;28;31;40;10;27;990014
2199;17/08/2002;4;8;15;23;36;41;9;24;1012100
2197;10/08/2002;2;7;14;21;33;39;6;20;973004
2195;03/08/2002;5;10;18;27;35;43;11;29;1000101
2193;27/07/2002;1;9;16;24;32;42;7;30;964002
2191;20/07/2002;3;12;17;26;34;45;8;23;1010044
2189;13/07/2002;6;11;19;28;31;40;10;27;990110
2187;06/07/2002;4;8;15;23;36;41;9;24;1010033
2185;29/06/2002;2;7;14;21;33;39;6;20;973001
2183;22/06/2002;5;10;18;27;35;43;11;29;1000022
2181;15/06/2002;1;9;16;24;32;42;7;30;964014
2179;08/06/2002;3;12;17;26;34;45;8;23;1012000
2177;01/06/2002;6;11;19;28;31;40;10;27;990200
2175;25/05/2002;4;8;15;23;36;41;9;24;1010100
2173;18/05/2002;2;7;14;21;33;39;6;20;973002
2171;11/05/2002;5;10;18;27;35;43;11;29;1000140
2169;4 May, 2002;1;8;22;27;30;40;6;44;-
2167;27 April, 2002;8;24;28;32;34;40;36;37;-
2165;20 April, 2002;5;14;22;32;35;40;8;16;-
2163;13 April, 2002;4;17;21;26;32;40;15;31;-
2161;6 April, 2002;3;15;29;31;36;45;2;43;-
2159;30 March, 2002;26;31;32;36;40;45;27;38;-
2157;23 March, 2002;1;4;7;8;21;42;36;41;-
2155;16 March, 2002;1;7;25;27;36;43;11;35;-
2153;9 March, 2002;10;25;38;42;44;45;14;22;-
2151;2 March, 2002;9;12;14;19;22;24;30;32;-
2149;23 February, 2002;4;13;16;19;34;41;7;9;-
2147;16 February, 2002;14;17;26;28;37;41;23;29;-
2145;9 February, 2002;11;12;37;39;41;42;20;33;-
2143;2 February, 2002;1;6;7;19;23;36;37;41;-
2141;26 January, 2002;2;9;11;22;24;43;29;37;-
2139;19 January, 2002;11;18;22;32;36;37;12;13;-
2137;12 January, 2002;1;2;14;20;30;43;21;41;-
2135;5 January, 2002;7;9;23;24;35;44;2;26;-
2133;29 December, 2001;2;10;26;32;38;40;16;17;-
2131;22 December, 2001;1;6;7;23;33;38;5;16;-
2129;15 December, 2001;12;16;17;32;41;45;1;42;-
2127;8 December, 2001;12;25;26;29;35;39;17;38;-
2125;1 December, 2001;5;7;18;21;22;29;23;40;-
2123;24 November, 2001;3;11;16;17;28;38;7;34;-
2121;17 November, 2001;4;14;16;18;28;44;7;33;-
2119;10 November, 2001;3;8;9;18;35;42;40;44;-
2117;3 November, 2001;4;7;15;27;43;45;3;21;-
2115;27 October, 2001;10;14;21;22;37;45;4;26;-
2113;20 October, 2001;1;7;13;25;36;41;10;27;-
2111;13 October, 2001;5;11;15;16;20;37;10;32;-
2109;6 October, 2001;4;8;16;18;22;42;9;35;-
2107;29 September, 2001;14;17;30;32;37;40;15;19;-
2105;22 September, 2001;8;9;13;22;26;34;11;39;-
2103;15 September, 2001;15;22;25;34;35;41;28;42;-
2101;8 September, 2001;3;20;27;31;41;44;4;39;-
2099;1 September, 2001;2;12;18;23;29;40;8;44;-
2097;25 August, 2001;18;24;26;27;39;42;33;41;-
2095;18 August, 2001;2;9;12;14;35;37;39;42;-
2093;11 August, 2001;12;20;31;33;34;44;16;29;-
2091;4 August, 2001;3;4;12;14;20;29;15;42;-
2089;28 July, 2001;7;14;23;28;34;41;1;39;-
2087;21 July, 2001;6;19;31;34;36;38;16;23;-
2085;14 July, 2001;15;17;21;25;30;33;2;20;-
2083;7 July, 2001;1;2;4;18;23;41;16;39;-
2081;30 June, 2001;2;3;5;9;25;43;30;37;-
2079;23 June, 2001;1;8;14;20;22;45;4;32;-
2077;16 June, 2001;15;17;28;34;36;42;5;19;-
2075;9 June, 2001;3;5;20;22;36;38;13;19;-
2073;2 June, 2001;3;12;19;23;24;30;37;40;-
2071;26 May, 2001;5;7;25;26;33;45;6;15;-
2069;19 May, 2001;1;5;12;22;27;30;3;32;-
2067;12 May, 2001;14;17;19;20;24;38;16;31;-
2065;5 May, 2001;9;24;29;31;32;33;44;45;-
2063;28 April, 2001;4;5;7;12;24;36;15;33;-
2061;21 April, 2001;4;5;28;31;37;45;26;36;-
2059;14 April, 2001;6;7;17;19;20;23;14;41;-
2057;7 April, 2001;10;20;21;27;32;33;11;18;-
2055;31 March, 2001;3;7;16;32;37;38;1;2;-
2053;24 March, 2001;16;23;26;30;33;45;14;39;-
2051;17 March, 2001;1;17;24;32;34;41;7;11;-
2049;10 March, 2001;4;5;17;18;29;36;1;41;-
2047;3 March, 2001;8;12;13;31;37;40;5;20;-
2045;24 February, 2001;2;6;10;12;13;33;4;23;-
2043;17 February, 2001;5;24;25;26;37;45;11;17;-
2041;10 February, 2001;5;11;12;29;41;44;14;42;-
2039;3 February, 2001;5;14;20;22;30;40;26;39;-
2037;27 January, 2001;10;24;26;37;39;44;3;23;-
2035;20 January, 2001;4;7;9;15;27;43;32;34;-
2033;13 January, 2001;6;20;24;35;39;42;1;25;-
2031;6 January, 2001;6;10;20;31;38;44;2;30;-
2029;30 December, 2000;7;18;26;27;34;43;17;28;-
2027;23 December, 2000;8;10;19;21;27;45;2;35;-
2025;16 December, 2000;4;5;18;38;42;43;14;23;-
2023;9 December, 2000;10;11;22;26;28;37;19;25;-
2021;2 December, 2000;2;13;15;20;25;40;24;30;-
2019;25 November, 2000;4;15;19;30;33;38;16;27;-
2017;18 November, 2000;2;9;19;38;40;42;7;36;-
2015;11 November, 2000;8;21;26;28;35;39;22;29;-
2013;4 November, 2000;1;9;17;22;26;30;36;37;-
2011;28 October, 2000;10;16;21;31;39;42;26;36;-
2009;21 October, 2000;1;12;22;26;38;44;23;36;-
2007;14 October, 2000;11;23;27;38;43;44;12;21;-
2005;7 October, 2000;3;7;8;23;25;34;9;41;-
2003;30 September, 2000;1;3;6;7;11;24;10;31;-
2001;23 September, 2000;3;22;24;28;36;40;17;23;-
1999;16 September, 2000;1;8;20;31;32;37;22;44;-
1997;9 September, 2000;12;24;29;32;43;45;19;36;-
1995;2 September, 2000;6;10;25;28;35;38;32;45;-
1993;26 August, 2000;11;22;23;33;35;39;13;29;-
1991;19 August, 2000;1;7;16;19;23;44;10;14;-
1989;12 August, 2000;1;10;16;22;27;36;20;34;-
1987;5 August, 2000;6;11;13;21;24;43;22;40;-
1985;29 July, 2000;1;3;5;19;22;29;23;43;-
1983;22 July, 2000;7;8;15;16;25;36;6;34;-
1981;15 July, 2000;16;24;32;34;39;42;14;35;-
1979;8 July, 2000;6;8;10;13;25;38;11;23;-
1977;1 July, 2000;4;5;8;10;22;39;23;29;-
1975;24 June, 2000;8;24;25;39;40;41;7;45;-
1973;17 June, 2000;6;11;12;13;21;32;8;26;-
1971;10 June, 2000;4;6;12;22;29;43;9;13;-
1969;3 June, 2000;16;25;28;34;42;43;6;40;-
1967;27 May, 2000;6;14;33;42;43;44;10;32;-
1965;20 May, 2000;2;8;22;24;36;42;1;30;-
1963;13 May, 2000;2;3;7;22;35;45;14;39;-
1961;6 May, 2000;7;16;19;33;40;41;10;36;-
1959;29 April, 2000;20;24;29;30;31;45;8;14;-
1957;22 April, 2000;16;30;33;37;40;41;6;10;-
1955;15 April, 2000;1;15;18;25;34;40;36;44;-
1953;8 April, 2000;13;18;36;37;39;43;23;24;-
1951;1 April, 2000;11;13;17;23;31;39;18;34;-
1949;25 March, 2000;2;20;24;25;26;41;12;31;-
1947;18 March, 2000;21;22;33;34;37;39;8;23;-
1945;11 March, 2000;1;11;12;19;37;39;18;21;-
1943;4 March, 2000;3;12;15;25;31;33;30;44;-
1941;26 February, 2000;2;7;13;17;23;35;12;25;-
1939;19 February, 2000;5;18;19;23;33;43;22;36;-
1937;12 February, 2000;9;10;22;25;28;33;2;29;-
1935;5 February, 2000;3;14;18;22;24;39;13;41;-
1933;29 January, 2000;7;13;19;22;29;45;18;41;-
1931;22 January, 2000;5;7;21;25;26;42;8;30;-
1929;15 January, 2000;6;12;15;30;32;33;5;20;-
1927;8 January, 2000;5;6;17;22;39;40;20;34;-
